model	row_id	language	marker_text	foil_marker_text	gold_logprob_mean	foil_logprob_mean	gold_logprob_sum	foil_logprob_sum	gold_tokens	foil_tokens	delta_mean	gold_preferred	polarity	evidence	marker_morphosyntax
gpt2	modal_0000	English	maybe	probably	-3.45289213458697	-4.123544742663701	-20.71735280752182	-24.74126845598221	6.0	6.0	0.6706526080767312	True	positive	inferential	lexicon_adverb
gpt2	modal_0029	English	probably	apparently	-2.555159632116556	-3.1928246524184942	-20.44127705693245	-25.542597219347954	8.0	8.0	0.6376650203019381	True	positive	inferential	lexicon_adverb
gpt2	modal_0032	English	as you know	in ef]fect	-3.6799168160983493	-5.23226074129343	-51.51883542537689	-83.71617186069489	14.0	16.0	1.552343925195081	True	positive	no_evidence	lexicon_adverb
gpt2	modal_0037	English	apparently	possibly	-9.202442169189453	-10.927745819091797	-9.202442169189453	-10.927745819091797	1.0	1.0	1.7253036499023438	True	positive	reported	lexicon_adverb
gpt2	modal_0040	English	obviously	in ef]fect	-4.83980405330658	-6.989661494890849	-9.67960810661316	-41.93796896934509	2.0	6.0	2.1498574415842695	True	positive	inferential	lexicon_adverb
gpt2	modal_0041	English	apparently	probably	-4.865533794675555	-4.718375750950405	-34.05873656272888	-33.02863025665283	7.0	7.0	-0.14715804372514985	False	positive	reported	lexicon_adverb
gpt2	modal_0062	English	probably	possibly	-3.9710264205932617	-5.783261656761169	-7.942052841186523	-11.566523313522339	2.0	2.0	1.8122352361679077	True	positive	inferential	lexicon_adverb
gpt2	modal_0082	English	apparently	probably	-4.2886596236910135	-4.4652296017323225	-90.06185209751129	-93.76982163637877	21.0	21.0	0.17656997804130903	True	positive	reported	lexicon_adverb
gpt2	modal_0090	English	apparently	probably	-3.3475898146629333	-3.3728449404239655	-33.47589814662933	-33.728449404239655	10.0	10.0	0.025255125761032282	True	positive	reported	lexicon_adverb
gpt2	modal_0094	English	maybe	basically	-2.4806070228417716	-3.3982739051183066	-14.883642137050629	-20.38964343070984	6.0	6.0	0.917666882276535	True	positive	situated	lexicon_adverb
gpt2	modal_0106	English	basically	probab	-4.345381557941437	-5.02295458452268	-91.25301271677017	-110.50500085949898	21.0	22.0	0.6775730265812436	True	positive	no_evidence	lexicon_adverb
gpt2	modal_0107	English	maybe	probably	-3.593714590809357	-3.6721568595078824	-68.28057722537778	-69.77098033064976	19.0	19.0	0.07844226869852555	True	positive	situated	lexicon_adverb
gpt2	modal_0123	English	basically	like you say	-2.751255245447015	-2.7300153501916307	-93.54267834519851	-98.28055260689871	34.0	36.0	-0.0212398952553845	False	positive	no_evidence	lexicon_adverb
gpt2	modal_0214	English	probab	maybe	-10.875094413757324	-7.602834701538086	-21.75018882751465	-7.602834701538086	2.0	1.0	-3.2722597122192383	False	positive	inferential	lexicon_adverb
gpt2	modal_0281	English	Maybe	probab	-4.394120613733928	-8.046895802021027	-13.182361841201782	-32.187583208084106	3.0	4.0	3.652775188287099	True	positive	no_evidence	lexicon_adverb
gpt2	modal_0451	English	unless I'm wrong	basically	-4.324920709874919	-4.238452537417678	-73.52365206787363	-59.33833552384749	17.0	14.0	-0.08646817245724137	False	positive	inferential	lexicon_adverb
gpt2	modal_0469	English	[More- -- more li]kely than not	apparently	-5.832158760590986	-11.289758682250977	-64.15374636650085	-11.289758682250977	11.0	1.0	5.45759992165999	True	positive	no_evidence	lexicon_adverb
gpt2	modal_0474	English	in ef]fect	Really?	-3.7010017750134434	-3.8337504765368067	-107.32905147538986	-99.67751238995697	29.0	26.0	0.13274870152336327	True	positive	reported	lexicon_adverb
gpt2	modal_0526	English	probably	maybe	-3.6541975140571594	-3.46753466129303	-14.616790056228638	-13.87013864517212	4.0	4.0	-0.18666285276412964	False	positive	no_evidence	lexicon_adverb
gpt2	modal_0530	English	of course	probably	-2.9149413808481768	-4.273390345741063	-17.48964828508906	-21.366951728705317	6.0	5.0	1.3584489648928866	True	positive	no_evidence	lexicon_adverb
gpt2	modal_0562	English	Really?	possibly	-3.683306246995926	-13.706875801086426	-7.366612493991852	-13.706875801086426	2.0	1.0	10.0235695540905	True	positive	no_evidence	lexicon_adverb
gpt2	modal_0575	English	probably	in ef]fect	-3.395320951938629	-6.262138545513153	-23.767246663570404	-68.88352400064468	7.0	11.0	2.866817593574524	True	positive	no_evidence	lexicon_adverb
gpt2	modal_0578	English	probably	basically	-3.0551793972651162	-4.213146527608235	-9.16553819179535	-12.639439582824707	3.0	3.0	1.1579671303431192	True	positive	no_evidence	lexicon_adverb
gpt2	modal_0603	English	apparently	maybe	-5.903172969818115	-6.146726131439209	-11.80634593963623	-12.293452262878418	2.0	2.0	0.24355316162109375	True	neutral	no_evidence	lexicon_adverb
gpt2	modal_0629	English	possibly	probably	-4.410330321107592	-4.322072454861233	-30.872312247753143	-30.254507184028625	7.0	7.0	-0.08825786624635956	False	neutral	no_evidence	lexicon_adverb
gpt2	modal_0671	English	probably	in ef]fect	-3.0246838331222534	-5.45677564740181	-18.14810299873352	-54.5677564740181	6.0	10.0	2.4320918142795565	True	positive	no_evidence	lexicon_adverb
gpt2	modal_0675	English	definitely	apparently	-4.362039656511375	-4.361225964235408	-30.534277595579624	-30.528581749647856	7.0	7.0	-0.0008136922759671705	False	positive	no_evidence	lexicon_adverb
gpt2	modal_0710	English	like you say	obviously	-2.6566317416727543	-2.7950124306604267	-58.445898316800594	-55.90024861320853	22.0	20.0	0.13838068898767242	True	positive	reported	lexicon_adverb
gpt2	modal_0711	English	maybe	apparently	-2.418288633619484	-2.7151720129737726	-45.9474840387702	-51.588268246501684	19.0	19.0	0.29688337935428866	True	positive	no_evidence	lexicon_adverb
gpt2	modal_0712	English	maybe	basically	-2.750445951521397	-3.3314810916781425	-27.504459515213966	-33.314810916781425	10.0	10.0	0.5810351401567457	True	positive	no_evidence	lexicon_adverb
gpt2	modal_0713	English	probably	apparently	-2.9788665901869535	-4.3326029274612665	-11.915466360747814	-17.330411709845066	4.0	4.0	1.353736337274313	True	positive	no_evidence	lexicon_adverb
gpt2	modal_0739	English	probably	apparently	-3.5778631269931793	-4.547783970832825	-14.311452507972717	-18.1911358833313	4.0	4.0	0.9699208438396454	True	positive	no_evidence	lexicon_adverb
gpt2	modal_0742	English	probably	Really?	-3.551401104032993	-4.910643833604726	-35.51401104032993	-54.017082169651985	10.0	11.0	1.3592427295717329	True	positive	no_evidence	lexicon_adverb
gpt2	modal_0745	English	Maybe	probably	-5.292207977837986	-5.230478922526042	-95.25974360108376	-94.14862060546875	18.0	18.0	-0.06172905531194406	False	positive	no_evidence	lexicon_adverb
gpt2	modal_0885	French	forcément	tout à fait	-5.157792925834656	-2.771674108505249	-15.473378777503967	-13.858370542526245	3.0	5.0	-2.3861188173294066	False	positive	inferential	lexicon_adverb
gpt2	modal_0888	French	à mes yeux	absolument	-3.714084961177672	-3.4718234442407265	-63.13944434002042	-55.549175107851624	17.0	16.0	-0.2422615169369453	False	positive	inferential	lexicon_adverb
gpt2	modal_0906	French	vraiment	peut-être	-2.9298888930352405	-2.845812774363107	-117.19555572140962	-119.52413652325049	40.0	42.0	-0.08407611867213349	False	positive	no_evidence	lexicon_adverb
gpt2	modal_0907	French	pour moi	forcément	-2.8774263783231038	-3.0866686930336678	-94.95507048466243	-101.86006687011104	33.0	33.0	0.20924231471056398	True	positive	no_evidence	lexicon_adverb
gpt2	modal_0916	French	effectivement	franchement	-8.193389154970646	-7.033344109853108	-16.386778309941292	-21.100032329559326	2.0	3.0	-1.1600450451175375	False	positive	situated	lexicon_adverb
gpt2	modal_0922	French	forcément	exactement	-3.687180581036955	-4.014066855236888	-22.12308348622173	-20.07033427618444	6.0	5.0	0.326886274199933	True	positive	inferential	lexicon_adverb
gpt2	modal_0979	French	peut être	si tu as vu	-2.6322094860176244	-6.030450264612834	-15.793256916105747	-36.182701587677	6.0	6.0	3.3982407785952096	True	positive	inferential	lexicon_adverb
gpt2	modal_0996	French	vraiment	pour vous	-3.514994108428558	-3.3222397313349776	-63.26989395171404	-59.8003151640296	18.0	18.0	-0.19275437709358023	False	positive	inferential	lexicon_adverb
gpt2	modal_0997	French	quand j'ai voulu regarder	si tu as vu	-3.560341120122537	-3.74454703113635	-234.98251392808743	-232.1619159304537	66.0	62.0	0.18420591101381278	True	positive	situated	lexicon_adverb
gpt2	modal_1002	French	peut-être	mon avis	-2.8440209151556095	-3.8138187043368816	-42.66031372733414	-49.57964315637946	15.0	13.0	0.9697977891812721	True	neutral	inferential	lexicon_adverb
gpt2	modal_1009	French	selon lui	si tu as vu	-2.880319815501571	-4.3493714608590714	-28.803198155015707	-47.84308606944978	10.0	11.0	1.4690516453575007	True	positive	no_evidence	lexicon_adverb
gpt2	modal_1010	French	selon lui	peut-être	-3.9011998425580954	-3.549545331671834	-74.12279700860381	-70.99090663343668	19.0	20.0	-0.3516545108862612	False	positive	no_evidence	lexicon_adverb
gpt2	modal_1018	French	pour moi	effectivement	-3.266212490547834	-3.3717213398111716	-94.72016222588718	-94.40819751471281	29.0	28.0	0.10550884926333781	True	positive	no_evidence	lexicon_adverb
gpt2	modal_1020	French	selon Olivier Carré	oh bah sans doute	-3.9805552982958035	-6.569985906283061	-19.902776491479017	-39.419915437698364	5.0	6.0	2.5894306079872575	True	positive	reported	lexicon_adverb
gpt2	modal_1027	French	évidemment	à mon avis	-4.708441488444805	-4.6134863331913945	-94.1688297688961	-92.2697266638279	20.0	20.0	-0.0949551552534107	False	positive	no_evidence	lexicon_adverb
gpt2	modal_1030	French	peut-être	si tu as vu	-2.699238767498173	-3.757292659720406	-64.78173041995615	-90.17502383328974	24.0	24.0	1.0580538922222331	True	positive	no_evidence	lexicon_adverb
gpt2	modal_1032	French	peut-être	pour dire	-3.5995142138204894	-4.457917674728062	-93.58736955933273	-102.53210651874542	26.0	23.0	0.8584034609075726	True	positive	no_evidence	lexicon_adverb
gpt2	modal_1057	French	absolument	à mon avis	-4.932835102081299	-5.5795838832855225	-14.798505306243896	-22.31833553314209	3.0	4.0	0.6467487812042236	True	positive	no_evidence	lexicon_adverb
gpt2	modal_1067	French	comme euh euh tu le disais	peut-être	-4.1887209159662815	-3.7309057804134986	-171.73755755461752	-134.31260809488595	41.0	36.0	-0.45781513555278286	False	positive	reported	lexicon_adverb
gpt2	modal_1093	French	franchement	oh bah sans doute	-4.990201475098729	-5.045447926772268	-79.84322360157967	-95.8635106086731	16.0	19.0	0.05524645167353892	True	positive	no_evidence	lexicon_adverb
gpt2	modal_1099	French	pour vous	peut-être	-2.740025262037913	-1.8628903388977052	-8.220075786113739	-9.314451694488525	3.0	5.0	-0.8771349231402077	False	neutral	no_evidence	lexicon_adverb
gpt2	modal_1115	French	peut-être	pour vous	-3.0068104454715336	-4.911400243639946	-21.047673118300736	-24.55700121819973	7.0	5.0	1.9045897981684123	True	positive	no_evidence	lexicon_adverb
gpt2	modal_1129	French	vraiment	peut-être	-4.99978835384051	-4.232505952141115	-59.99746024608612	-59.255083329975605	12.0	14.0	-0.7672824016993953	False	positive	no_evidence	lexicon_adverb
gpt2	modal_1137	French	mon avis	oh bah sans doute	-6.207100868225098	-6.637025329801771	-37.242605209350586	-59.73322796821594	6.0	9.0	0.4299244615766735	True	positive	no_evidence	lexicon_adverb
gpt2	modal_1143	French	peut-être	forcément	-2.8468652412827526	-5.508112454414368	-19.928056688979268	-27.54056227207184	7.0	5.0	2.6612472131316154	True	positive	no_evidence	lexicon_adverb
gpt2	modal_1147	French	exactement	à mon avis	-7.209944009780884	-4.850981116294861	-14.419888019561768	-19.403924465179443	2.0	4.0	-2.358962893486023	False	positive	no_evidence	lexicon_adverb
gpt2	modal_1148	French	exactement	forcément	-6.529220640659332	-6.065336008866628	-13.058441281318665	-18.196008026599884	2.0	3.0	-0.46388463179270456	False	positive	no_evidence	lexicon_adverb
gpt2	modal_1160	French	comme disait Bertrand	absolument	-4.226715542376041	-4.554148077964783	-25.36029325425625	-13.662444233894348	6.0	3.0	0.3274325355887413	True	positive	reported	lexicon_adverb
gpt2	modal_1179	French	peut-être	pour dire	-1.4548829920589923	-6.143963575363159	-7.274414960294962	-12.287927150726318	5.0	2.0	4.689080583304166	True	positive	no_evidence	lexicon_adverb
gpt2	modal_1180	French	peut-être	vraiment	-0.5059577954933048	-4.445560455322266	-2.5297889774665236	-13.336681365966797	5.0	3.0	3.939602659828961	True	neutral	no_evidence	lexicon_adverb
gpt2	modal_1193	French	peut-être	vraiment	-3.556786148844041	-3.7295672403758062	-188.50966588873416	-190.20792925916612	53.0	51.0	0.17278109153176535	True	neutral	no_evidence	lexicon_adverb
gpt2	modal_1205	French	comme disait Bertrand	exactement	-5.703529079134266	-7.101986289024353	-34.22117447480559	-14.203972578048706	6.0	2.0	1.3984572098900871	True	positive	reported	lexicon_adverb
gpt2	modal_1260	French	à chaque fois	tout à fait	-4.171734267736182	-3.8052074481897495	-70.9194825515151	-64.68852661922574	17.0	17.0	-0.36652681954643285	False	positive	reported	lexicon_adverb
gpt2	modal_1290	French	vraiment	absolument	-4.986297082901001	-5.674647486209869	-24.931485414505005	-28.373237431049347	5.0	5.0	0.6883504033088679	True	positive	inferential	lexicon_adverb
gpt2	modal_1299	French	peut-être	selon lui	-2.8490482795123873	-3.587851425011953	-37.03762763366103	-43.05421710014343	13.0	12.0	0.7388031454995656	True	neutral	inferential	lexicon_adverb
gpt2	modal_1308	French	vraiment	oh bah sans doute	-3.49656944308016	-4.36405445422445	-62.938249975442886	-91.64514353871346	18.0	21.0	0.8674850111442902	True	positive	no_evidence	lexicon_adverb
gpt2	modal_1335	French	peut-être	selon lui	-2.599531809488932	-4.44253990650177	-15.597190856933594	-22.21269953250885	6.0	5.0	1.8430080970128375	True	positive	inferential	lexicon_adverb
gpt2	modal_1367	French	oh bah sans doute	selon Olivier Carré	-5.353369211157163	-7.205034399032593	-32.12021526694298	-36.025171995162964	6.0	5.0	1.8516651878754304	True	negative	no_evidence	lexicon_adverb
gpt2	modal_1369	French	peut-être	tout à fait	-2.8702336916361344	-4.006118787960573	-31.572570607997477	-44.0673066675663	11.0	11.0	1.1358850963244387	True	positive	inferential	lexicon_adverb
gpt2	modal_1387	French	exactement	peut-être	-3.966700662113726	-1.620821614342276	-19.83350331056863	-12.966572914738208	5.0	8.0	-2.34587904777145	False	positive	no_evidence	lexicon_adverb
gpt2	modal_1498	French	pour dire	peut-être	-3.2051952129436865	-3.034370814711509	-173.08054149895906	-172.95913643855602	54.0	57.0	-0.17082439823217754	False	positive	reported	lexicon_adverb
gpt2	modal_1515	French	tout à fait	franchement	-3.1820840716361998	-7.652736663818359	-15.910420358181	-22.958209991455078	5.0	3.0	4.47065259218216	True	positive	no_evidence	lexicon_adverb
gpt2	modal_1525	French	peut-être	pour dire	-3.3236149396322183	-3.8496687183214817	-76.44314361154102	-76.99337436642963	23.0	20.0	0.5260537786892634	True	positive	inferential	lexicon_adverb
gpt2	modal_1526	French	éventuellement	exactement	-5.673296391963959	-7.236121654510498	-22.693185567855835	-14.472243309020996	4.0	2.0	1.5628252625465393	True	positive	inferential	lexicon_adverb
gpt2	modal_1576	French	forcément	pour vous	-3.0558616208533445	-3.1650263207654157	-36.670339450240135	-37.98031584918499	12.0	12.0	0.10916469991207123	True	positive	inferential	lexicon_adverb
gpt2	modal_1616	French	comme tu le croyais	oh bah sans doute	-5.005866585299373	-6.83277694384257	-35.04106609709561	-40.99666166305542	7.0	6.0	1.8269103585431976	True	positive	reported	lexicon_adverb
gpt2	modal_1618	French	peut-être	selon lui	-2.9527422050860794	-3.8727643951773643	-32.480164255946875	-38.72764395177364	11.0	10.0	0.9200221900912848	True	positive	inferential	lexicon_adverb
gpt2	modal_1624	French	si tu as vu	à mes yeux	-6.150894737243652	-5.592685068026185	-30.75447368621826	-22.37074027210474	5.0	4.0	-0.558209669217467	False	neutral	situated	lexicon_adverb
gpt2	modal_1626	French	à mon avis	évidemment	-5.340690371394158	-5.363887096196413	-53.406903713941574	-53.63887096196413	10.0	10.0	0.023196724802255098	True	positive	inferential	lexicon_adverb
gpt2	modal_1756	French	à mon avis	franchement	-5.593945072756873	-5.9064887054264545	-50.34550565481186	-47.251909643411636	9.0	8.0	0.3125436326695814	True	positive	inferential	lexicon_adverb
gpt2	modal_1955	French	franchement	oh bah sans doute	-5.635985553264618	-5.543097629266627	-78.90379774570465	-94.23265969753265	14.0	17.0	-0.09288792399799117	False	positive	inferential	lexicon_adverb
gpt2	modal_2005	French	franchement	tout à fait	-5.028580453246832	-3.506691227853298	-40.228643625974655	-35.06691227853298	8.0	10.0	-1.5218892253935339	False	positive	inferential	lexicon_adverb
gpt2	modal_2007	French	à mon avis	exactement	-3.9571172044302028	-4.001434982127439	-59.35675806645304	-52.0186547676567	15.0	13.0	0.04431777769723588	True	positive	inferential	lexicon_adverb
gpt2	modal_2011	French	à mon avis	absolument	-3.835166633274639	-4.258404206124045	-122.72533226478845	-132.01053038984537	32.0	31.0	0.42323757284940555	True	positive	inferential	lexicon_adverb
gpt2	modal_2032	French	apparemment	peut-être	-5.699549198150635	-2.0313452377915384	-22.79819679260254	-10.156726188957691	4.0	5.0	-3.6682039603590963	False	positive	inferential	lexicon_adverb
gpt2	modal_2109	Italian	in effetti	forse	-4.169442472979426	-4.476045007291048	-100.06661935150623	-102.94903516769409	24.0	23.0	0.30660253431162143	True	positive	no_evidence	lexicon_adverbial
gpt2	modal_2145	Italian	come diceva prima lei	forse	-7.000560981886728	-5.581577658653259	-49.00392687320709	-11.163155317306519	7.0	2.0	-1.4189833232334683	False	positive	reported	lexicon_adverbial
gpt2	modal_2149	Italian	forse	come diceva prima lei	-5.347581045194105	-4.239490160252899	-58.82339149713516	-67.83184256404638	11.0	16.0	-1.1080908849412063	False	neutral	inferential	lexicon_adverbial
gpt2	modal_2151	Italian	forse	in realta'	-3.9902536869049072	-5.1961656510829926	-7.9805073738098145	-20.78466260433197	2.0	4.0	1.2059119641780853	True	neutral	inferential	lexicon_adverbial
gpt2	modal_2154	Italian	se devo dire la verita'	forse	-4.484190137684346	-4.5928662440606525	-89.6838027536869	-64.30012741684914	20.0	14.0	0.10867610637630687	True	positive	reported	lexicon_adverbial
gpt2	modal_2167	Italian	se non sbaglio	forse	-4.2595365788130195	-3.855073913399662	-72.41212183982134	-53.97103478759527	17.0	14.0	-0.4044626654133574	False	positive	no_evidence	lexicon_adverbial
gpt2	modal_2171	Italian	in realta'	forse	-6.032898664474487	-5.5605504512786865	-24.13159465789795	-11.121100902557373	4.0	2.0	-0.4723482131958008	False	positive	no_evidence	lexicon_adverbial
gpt2	modal_2173	Italian	in realta'	probabilmente	-3.2953497341109648	-4.205240761240323	-29.658147606998682	-37.84716685116291	9.0	9.0	0.9098910271293583	True	positive	no_evidence	lexicon_adverbial
gpt2	modal_2174	Italian	in realta'	come diceva prima lei	-4.071195089329894	-5.420715544372797	-52.92553616128862	-86.73144870996475	13.0	16.0	1.349520455042903	True	positive	no_evidence	lexicon_adverbial
gpt2	modal_2193	Italian	forse	in realta'	-5.907198222478231	-5.971654681598439	-88.60797333717346	-101.51812958717346	15.0	17.0	0.06445645912020836	True	neutral	inferential	lexicon_adverbial
gpt2	modal_2201	Italian	come sa	magari	-7.2465105056762695	-8.4311203956604	-14.493021011352539	-16.8622407913208	2.0	2.0	1.1846098899841309	True	positive	no_evidence	lexicon_adverbial
gpt2	modal_2226	Italian	forse	secondo me	-5.320330023765564	-5.388168062482562	-31.921980142593384	-37.71717643737793	6.0	7.0	0.06783803871699767	True	neutral	inferential	lexicon_adverbial
gpt2	modal_2246	Italian	forse	secondo me	-4.934297733836704	-4.959026050567627	-44.408679604530334	-49.59026050567627	9.0	10.0	0.024728316730922906	True	neutral	inferential	lexicon_adverbial
gpt2	modal_2248	Italian	evidentemente	in realta'	-7.342573742071788	-6.639613032341003	-22.027721226215363	-26.558452129364014	3.0	4.0	-0.7029607097307844	False	positive	inferential	lexicon_adverbial
gpt2	modal_2363	Italian	forse	come sa	-5.634304761886597	-7.602267503738403	-11.268609523773193	-15.204535007476807	2.0	2.0	1.9679627418518066	True	neutral	inferential	lexicon_adverbial
gpt2	modal_2365	Italian	testualmente	forse	-4.32538736593966	-4.248606363187719	-285.47556615201756	-271.910807244014	66.0	64.0	-0.07678100275194133	False	positive	reported	lexicon_adverbial
gpt2	modal_2368	Italian	probabilmente	secondo me	-5.2759987977998595	-6.376817166805267	-36.93199158459902	-38.260903000831604	7.0	6.0	1.1008183690054079	True	neutral	inferential	lexicon_adverbial
gpt2	modal_2371	Italian	in realta'	forse	-4.993703936275683	-4.8572403595728035	-94.88037478923798	-82.57308611273766	19.0	17.0	-0.13646357670287923	False	positive	no_evidence	lexicon_adverbial
gpt2	modal_2389	Italian	forse	probabilmente	-6.163821995258331	-5.724021843075752	-49.31057596206665	-57.24021843075752	8.0	10.0	-0.4398001521825794	False	neutral	no_evidence	lexicon_adverbial
gpt2	modal_2469	Italian	probabilmente	magari	-4.033682316541672	-4.82737410068512	-32.269458532333374	-28.964244604110718	8.0	6.0	0.7936917841434479	True	positive	inferential	lexicon_adverbial
gpt2	modal_2518	Italian	forse	come diceva prima lei	-4.105576364323497	-4.927654229849577	-41.05576364323497	-73.91481344774365	10.0	15.0	0.8220778655260803	True	neutral	no_evidence	lexicon_adverbial
gpt2	modal_2525	Italian	conoscendo il tipo	forse	-5.502627696309771	-6.416101932525635	-38.518393874168396	-12.83220386505127	7.0	2.0	0.9134742362158637	True	positive	no_evidence	lexicon_adverbial
gpt2	modal_2539	Italian	veramente	forse	-5.552153984705607	-6.463473081588745	-16.65646195411682	-12.92694616317749	3.0	2.0	0.9113190968831377	True	positive	no_evidence	lexicon_adverbial
gpt2	modal_2570	Italian	magari	come diceva prima lei	-5.983493804931641	-5.905560140098844	-53.851444244384766	-82.67784196138382	9.0	14.0	-0.07793366483279662	False	neutral	no_evidence	lexicon_adverbial
gpt2	modal_2598	Italian	magari	come sa	-5.811745357513428	-5.482135462760925	-58.11745357513428	-54.82135462760925	10.0	10.0	-0.3296098947525028	False	neutral	no_evidence	lexicon_adverbial
gpt2	modal_2616	Italian	secondo me	forse	-4.7668356935183205	-4.51854050478765	-71.50253540277481	-63.25956706702709	15.0	14.0	-0.2482951887306708	False	positive	no_evidence	lexicon_adverbial
gpt2	modal_2629	Italian	se chiedi a XYZ	magari	-5.403808684910045	-5.906280279159546	-91.86474764347076	-70.87536334991455	17.0	12.0	0.502471594249501	True	positive	reported	lexicon_adverbial
gpt2	modal_2653	Italian	secondo me	in realta'	-5.827372800220143	-5.965208142995834	-64.10110080242157	-71.58249771595001	11.0	12.0	0.13783534277569132	True	positive	no_evidence	lexicon_adverbial
gpt2	modal_2655	Italian	secondo me	come diceva prima lei	-5.06361697614193	-5.580324351787567	-101.27233952283859	-133.9277844429016	20.0	24.0	0.5167073756456375	True	positive	no_evidence	lexicon_adverbial
gpt2	modal_2732	Italian	magari	veramente	-4.7430542558431625	-4.187162239781835	-47.430542558431625	-46.05878463760018	10.0	11.0	-0.5558920160613274	False	positive	inferential	lexicon_adverbial
gpt2	modal_2749	Italian	secondo me	magari	-5.432247472660882	-6.17630903995954	-76.05146461725235	-80.29201751947403	14.0	13.0	0.7440615672986581	True	positive	no_evidence	lexicon_adverbial
gpt2	modal_2779	Italian	secondo te	probabilmente	-5.9360582033793134	-4.833873003721237	-17.80817461013794	-19.33549201488495	3.0	4.0	-1.1021851996580763	False	positive	no_evidence	lexicon_adverbial
gpt2	modal_2780	Italian	secondo me	magari	-3.4507490301674064	-4.151144590973854	-37.95823933184147	-41.51144590973854	11.0	10.0	0.7003955608064478	True	positive	no_evidence	lexicon_adverbial
gpt2	modal_2782	Italian	a dir la verita'	forse	-5.663085381189982	-6.3137853145599365	-33.97851228713989	-12.627570629119873	6.0	2.0	0.6506999333699541	True	positive	no_evidence	lexicon_adverbial
gpt2	modal_2804	Italian	magari	in realta'	-6.045697723116193	-5.528514093822903	-42.319884061813354	-49.75662684440613	7.0	9.0	-0.5171836292932905	False	neutral	no_evidence	lexicon_adverbial
gpt2	modal_2818	Italian	secondo me	forse	-4.535418197745457	-4.486124546715507	-126.9917095368728	-121.12536276131868	28.0	27.0	-0.049293651029950425	False	positive	no_evidence	lexicon_adverbial
EleutherAI/gpt-neo-125M	modal_0000	English	maybe	probably	-3.592677195866903	-4.25769038995107	-21.556063175201416	-25.54614233970642	6.0	6.0	0.665013194084167	True	positive	inferential	lexicon_adverb
EleutherAI/gpt-neo-125M	modal_0029	English	probably	apparently	-2.4798384588211775	-3.403765616938472	-19.83870767056942	-27.230124935507774	8.0	8.0	0.9239271581172943	True	positive	inferential	lexicon_adverb
EleutherAI/gpt-neo-125M	modal_0032	English	as you know	in ef]fect	-3.9531944479261125	-5.765776868909597	-55.344722270965576	-92.25242990255356	14.0	16.0	1.8125824209834849	True	positive	no_evidence	lexicon_adverb
EleutherAI/gpt-neo-125M	modal_0037	English	apparently	possibly	-9.747055053710938	-10.226364135742188	-9.747055053710938	-10.226364135742188	1.0	1.0	0.47930908203125	True	positive	reported	lexicon_adverb
EleutherAI/gpt-neo-125M	modal_0040	English	obviously	in ef]fect	-5.594909906387329	-7.827790816624959	-11.189819812774658	-46.966744899749756	2.0	6.0	2.23288091023763	True	positive	inferential	lexicon_adverb
EleutherAI/gpt-neo-125M	modal_0041	English	apparently	probably	-5.441460405077253	-5.261646747589111	-38.09022283554077	-36.83152723312378	7.0	7.0	-0.1798136574881415	False	positive	reported	lexicon_adverb
EleutherAI/gpt-neo-125M	modal_0062	English	probably	possibly	-4.155802488327026	-6.5765604972839355	-8.311604976654053	-13.153120994567871	2.0	2.0	2.420758008956909	True	positive	inferential	lexicon_adverb
EleutherAI/gpt-neo-125M	modal_0082	English	apparently	probably	-4.4354600779091315	-4.459748907369518	-93.14466163609177	-93.65472705475986	21.0	21.0	0.02428882946038602	True	positive	reported	lexicon_adverb
EleutherAI/gpt-neo-125M	modal_0090	English	apparently	probably	-3.38442599773407	-3.3210005164146423	-33.8442599773407	-33.21000516414642	10.0	10.0	-0.06342548131942749	False	positive	reported	lexicon_adverb
EleutherAI/gpt-neo-125M	modal_0094	English	maybe	basically	-2.651013900836309	-3.5282256603240967	-15.906083405017853	-21.16935396194458	6.0	6.0	0.8772117594877877	True	positive	situated	lexicon_adverb
EleutherAI/gpt-neo-125M	modal_0106	English	basically	probab	-4.53626786952927	-5.0905913250012835	-95.26162526011467	-111.99300915002823	21.0	22.0	0.5543234554720131	True	positive	no_evidence	lexicon_adverb
EleutherAI/gpt-neo-125M	modal_0107	English	maybe	probably	-3.895766009135466	-3.9272994692406713	-74.01955417357385	-74.61868991557276	19.0	19.0	0.031533460105205524	True	positive	situated	lexicon_adverb
EleutherAI/gpt-neo-125M	modal_0123	English	basically	like you say	-2.9713199149495373	-3.002721872093389	-101.02487710828427	-108.097987395362	34.0	36.0	0.03140195714385152	True	positive	no_evidence	lexicon_adverb
EleutherAI/gpt-neo-125M	modal_0214	English	probab	maybe	-8.310768604278564	-7.291332244873047	-16.62153720855713	-7.291332244873047	2.0	1.0	-1.0194363594055176	False	positive	inferential	lexicon_adverb
EleutherAI/gpt-neo-125M	modal_0281	English	Maybe	probab	-4.950187683105469	-8.18121588230133	-14.850563049316406	-32.72486352920532	3.0	4.0	3.231028199195862	True	positive	no_evidence	lexicon_adverb
EleutherAI/gpt-neo-125M	modal_0451	English	unless I'm wrong	basically	-4.235286706565496	-4.321160358376801	-71.99987401161343	-60.496245017275214	17.0	14.0	0.0858736518113048	True	positive	inferential	lexicon_adverb
EleutherAI/gpt-neo-125M	modal_0469	English	[More- -- more li]kely than not	apparently	-6.177282788536766	-11.82617473602295	-67.95011067390442	-11.82617473602295	11.0	1.0	5.648891947486184	True	positive	no_evidence	lexicon_adverb
EleutherAI/gpt-neo-125M	modal_0474	English	in ef]fect	Really?	-3.5289954702422053	-3.3895648789520445	-102.34086863702396	-88.12868685275316	29.0	26.0	-0.13943059129016078	False	positive	reported	lexicon_adverb
EleutherAI/gpt-neo-125M	modal_0526	English	probably	maybe	-3.6238313019275665	-3.7873892188072205	-14.495325207710266	-15.149556875228882	4.0	4.0	0.16355791687965393	True	positive	no_evidence	lexicon_adverb
EleutherAI/gpt-neo-125M	modal_0530	English	of course	probably	-2.997915493013958	-4.101641953643411	-17.98749295808375	-20.508209768217057	6.0	5.0	1.1037264606294532	True	positive	no_evidence	lexicon_adverb
EleutherAI/gpt-neo-125M	modal_0562	English	Really?	possibly	-2.794218808412552	-14.295823097229004	-5.588437616825104	-14.295823097229004	2.0	1.0	11.501604288816452	True	positive	no_evidence	lexicon_adverb
EleutherAI/gpt-neo-125M	modal_0575	English	probably	in ef]fect	-3.589635355131967	-6.714691649783742	-25.127447485923767	-73.86160814762115	7.0	11.0	3.125056294651775	True	positive	no_evidence	lexicon_adverb
EleutherAI/gpt-neo-125M	modal_0578	English	probably	basically	-2.948190132776896	-4.514514207839966	-8.844570398330688	-13.543542623519897	3.0	3.0	1.5663240750630698	True	positive	no_evidence	lexicon_adverb
EleutherAI/gpt-neo-125M	modal_0603	English	apparently	maybe	-7.157870531082153	-7.130033493041992	-14.315741062164307	-14.260066986083984	2.0	2.0	-0.027837038040161133	False	neutral	no_evidence	lexicon_adverb
EleutherAI/gpt-neo-125M	modal_0629	English	possibly	probably	-4.318564585277012	-4.1543208701269965	-30.229952096939087	-29.080246090888977	7.0	7.0	-0.16424371515001557	False	neutral	no_evidence	lexicon_adverb
EleutherAI/gpt-neo-125M	modal_0671	English	probably	in ef]fect	-2.7436386744181314	-5.61495740711689	-16.46183204650879	-56.1495740711689	6.0	10.0	2.8713187326987586	True	positive	no_evidence	lexicon_adverb
EleutherAI/gpt-neo-125M	modal_0675	English	definitely	apparently	-4.642977748332279	-4.899952685327402	-32.50084423832595	-34.299668797291815	7.0	7.0	0.25697493699512286	True	positive	no_evidence	lexicon_adverb
EleutherAI/gpt-neo-125M	modal_0710	English	like you say	obviously	-3.035286331020126	-3.162661496788496	-66.77629928244278	-63.25322993576992	22.0	20.0	0.12737516576836994	True	positive	reported	lexicon_adverb
EleutherAI/gpt-neo-125M	modal_0711	English	maybe	apparently	-2.861791662896346	-3.09417872456221	-54.374041595030576	-58.78939576668199	19.0	19.0	0.2323870616658641	True	positive	no_evidence	lexicon_adverb
EleutherAI/gpt-neo-125M	modal_0712	English	maybe	basically	-3.041182202100754	-3.4087296664714812	-30.411822021007538	-34.08729666471481	10.0	10.0	0.3675474643707273	True	positive	no_evidence	lexicon_adverb
EleutherAI/gpt-neo-125M	modal_0713	English	probably	apparently	-3.0658439733088017	-4.581590436398983	-12.263375893235207	-18.326361745595932	4.0	4.0	1.5157464630901814	True	positive	no_evidence	lexicon_adverb
EleutherAI/gpt-neo-125M	modal_0739	English	probably	apparently	-3.8314951956272125	-4.667274281382561	-15.32598078250885	-18.669097125530243	4.0	4.0	0.8357790857553482	True	positive	no_evidence	lexicon_adverb
EleutherAI/gpt-neo-125M	modal_0742	English	probably	Really?	-3.566430516820401	-4.706629519266161	-35.66430516820401	-51.77292471192777	10.0	11.0	1.14019900244576	True	positive	no_evidence	lexicon_adverb
EleutherAI/gpt-neo-125M	modal_0745	English	Maybe	probably	-5.50039485452645	-5.329811042795579	-99.00710738147609	-95.93659877032042	18.0	18.0	-0.17058381173087067	False	positive	no_evidence	lexicon_adverb
EleutherAI/gpt-neo-125M	modal_0885	French	forcément	tout à fait	-4.063732122381528	-2.007908593863249	-12.191196367144585	-10.039542969316244	3.0	5.0	-2.055823528518279	False	positive	inferential	lexicon_adverb
EleutherAI/gpt-neo-125M	modal_0888	French	à mes yeux	absolument	-2.3412407080998974	-2.3157081412355183	-39.801092037698254	-37.05133025976829	17.0	16.0	-0.025532566864379103	False	positive	inferential	lexicon_adverb
EleutherAI/gpt-neo-125M	modal_0906	French	vraiment	peut-être	-2.331506436035852	-2.200240100016041	-93.26025744143408	-92.41008420067374	40.0	42.0	-0.13126633601981075	False	positive	no_evidence	lexicon_adverb
EleutherAI/gpt-neo-125M	modal_0907	French	pour moi	forcément	-2.240496442430991	-2.375581507914996	-73.93638260022271	-78.39418976119487	33.0	33.0	0.13508506548400456	True	positive	no_evidence	lexicon_adverb
EleutherAI/gpt-neo-125M	modal_0916	French	effectivement	franchement	-6.6005960665643215	-5.278702020645142	-13.201192133128643	-15.836106061935425	2.0	3.0	-1.32189404591918	False	positive	situated	lexicon_adverb
EleutherAI/gpt-neo-125M	modal_0922	French	forcément	exactement	-1.8381909909658134	-2.251558255997952	-11.02914594579488	-11.25779127998976	6.0	5.0	0.4133672650321385	True	positive	inferential	lexicon_adverb
EleutherAI/gpt-neo-125M	modal_0979	French	peut être	si tu as vu	-2.081593274245582	-4.235511322816213	-12.489559645473491	-25.413067936897278	6.0	6.0	2.1539180485706306	True	positive	inferential	lexicon_adverb
EleutherAI/gpt-neo-125M	modal_0996	French	vraiment	pour vous	-2.370142164151831	-2.7238292636401535	-42.66255895473296	-49.02892674552277	18.0	18.0	0.35368709948832233	True	positive	inferential	lexicon_adverb
EleutherAI/gpt-neo-125M	modal_0997	French	quand j'ai voulu regarder	si tu as vu	-2.5700673405124026	-2.6689214980034457	-169.62444447381858	-165.47313287621364	66.0	62.0	0.0988541574910431	True	positive	situated	lexicon_adverb
EleutherAI/gpt-neo-125M	modal_1002	French	peut-être	mon avis	-2.117067334117989	-2.8822002726463745	-31.75601001176983	-37.46860354440287	15.0	13.0	0.7651329385283856	True	neutral	inferential	lexicon_adverb
EleutherAI/gpt-neo-125M	modal_1009	French	selon lui	si tu as vu	-2.439438210520893	-3.3252148428423838	-24.394382105208933	-36.57736327126622	10.0	11.0	0.8857766323214906	True	positive	no_evidence	lexicon_adverb
EleutherAI/gpt-neo-125M	modal_1010	French	selon lui	peut-être	-3.4040862263523435	-3.1552322940842714	-64.67763830069453	-63.10464588168543	19.0	20.0	-0.24885393226807206	False	positive	no_evidence	lexicon_adverb
EleutherAI/gpt-neo-125M	modal_1018	French	pour moi	effectivement	-2.606187757762984	-2.7593043675380096	-75.57944497512653	-77.26052229106426	29.0	28.0	0.1531166097750254	True	positive	no_evidence	lexicon_adverb
EleutherAI/gpt-neo-125M	modal_1020	French	selon Olivier Carré	oh bah sans doute	-2.9899913422763347	-4.213142318961521	-14.949956711381674	-25.278853913769126	5.0	6.0	1.223150976685186	True	positive	reported	lexicon_adverb
EleutherAI/gpt-neo-125M	modal_1027	French	évidemment	à mon avis	-3.2603442260704467	-3.390636739617912	-65.20688452140894	-67.81273479235824	20.0	20.0	0.1302925135474653	True	positive	no_evidence	lexicon_adverb
EleutherAI/gpt-neo-125M	modal_1030	French	peut-être	si tu as vu	-2.047551401219001	-2.727055095359295	-49.14123362925602	-65.44932228862308	24.0	24.0	0.6795036941402941	True	positive	no_evidence	lexicon_adverb
EleutherAI/gpt-neo-125M	modal_1032	French	peut-être	pour dire	-2.2182383468876092	-3.058742984319511	-57.67419701907784	-70.35108863934875	26.0	23.0	0.8405046374319016	True	positive	no_evidence	lexicon_adverb
EleutherAI/gpt-neo-125M	modal_1057	French	absolument	à mon avis	-3.434414869795243	-3.0458349101245403	-10.303244609385729	-12.183339640498161	3.0	4.0	-0.38857995967070247	False	positive	no_evidence	lexicon_adverb
EleutherAI/gpt-neo-125M	modal_1067	French	comme euh euh tu le disais	peut-être	-3.422407440148385	-3.0691241069790625	-140.31870504608378	-110.48846785124624	41.0	36.0	-0.3532833331693226	False	positive	reported	lexicon_adverb
EleutherAI/gpt-neo-125M	modal_1093	French	franchement	oh bah sans doute	-3.3526800177060068	-3.664773682622533	-53.64288028329611	-69.63069996982813	16.0	19.0	0.31209366491652624	True	positive	no_evidence	lexicon_adverb
EleutherAI/gpt-neo-125M	modal_1099	French	pour vous	peut-être	-2.044892266392708	-1.51257598324446	-6.1346767991781235	-7.5628799162223	3.0	5.0	-0.5323162831482477	False	neutral	no_evidence	lexicon_adverb
EleutherAI/gpt-neo-125M	modal_1115	French	peut-être	pour vous	-1.6820584398394982	-3.9573215425014494	-11.774409078876488	-19.786607712507248	7.0	5.0	2.275263102661951	True	positive	no_evidence	lexicon_adverb
EleutherAI/gpt-neo-125M	modal_1129	French	vraiment	peut-être	-4.454689050714175	-3.7594240160792003	-53.4562686085701	-52.6319362251088	12.0	14.0	-0.6952650346349749	False	positive	no_evidence	lexicon_adverb
EleutherAI/gpt-neo-125M	modal_1137	French	mon avis	oh bah sans doute	-5.343602109700441	-5.4178110758463545	-32.06161265820265	-48.76029968261719	6.0	9.0	0.0742089661459131	True	positive	no_evidence	lexicon_adverb
EleutherAI/gpt-neo-125M	modal_1143	French	peut-être	forcément	-2.05772955249995	-4.145972354337573	-14.40410686749965	-20.729861771687865	7.0	5.0	2.088242801837623	True	positive	no_evidence	lexicon_adverb
EleutherAI/gpt-neo-125M	modal_1147	French	exactement	à mon avis	-5.158997502177954	-3.339695733040571	-10.317995004355907	-13.358782932162285	2.0	4.0	-1.8193017691373825	False	positive	no_evidence	lexicon_adverb
EleutherAI/gpt-neo-125M	modal_1148	French	exactement	forcément	-5.68733174353838	-5.4008200106521445	-11.37466348707676	-16.202460031956434	2.0	3.0	-0.2865117328862352	False	positive	no_evidence	lexicon_adverb
EleutherAI/gpt-neo-125M	modal_1160	French	comme disait Bertrand	absolument	-3.093085582057635	-3.29239501307408	-18.55851349234581	-9.87718503922224	6.0	3.0	0.19930943101644516	True	positive	reported	lexicon_adverb
EleutherAI/gpt-neo-125M	modal_1179	French	peut-être	pour dire	-0.9621947035193443	-5.073164463043213	-4.810973517596722	-10.146328926086426	5.0	2.0	4.110969759523869	True	positive	no_evidence	lexicon_adverb
EleutherAI/gpt-neo-125M	modal_1180	French	peut-être	vraiment	-0.3851317550987005	-1.9831644321481388	-1.9256587754935026	-5.949493296444416	5.0	3.0	1.5980326770494382	True	neutral	no_evidence	lexicon_adverb
EleutherAI/gpt-neo-125M	modal_1193	French	peut-être	vraiment	-2.211207946387662	-2.3283638505576985	-117.1940211585461	-118.74655637844262	53.0	51.0	0.11715590417003652	True	neutral	no_evidence	lexicon_adverb
EleutherAI/gpt-neo-125M	modal_1205	French	comme disait Bertrand	exactement	-4.349465435991685	-4.1915300861001015	-26.096792615950108	-8.383060172200203	6.0	2.0	-0.15793534989158342	False	positive	reported	lexicon_adverb
EleutherAI/gpt-neo-125M	modal_1260	French	à chaque fois	tout à fait	-3.3867530932869103	-3.2188437622697914	-57.57480258587748	-54.720343958586454	17.0	17.0	-0.1679093310171189	False	positive	reported	lexicon_adverb
EleutherAI/gpt-neo-125M	modal_1290	French	vraiment	absolument	-3.5132553935050965	-4.114126478135586	-17.566276967525482	-20.57063239067793	5.0	5.0	0.6008710846304894	True	positive	inferential	lexicon_adverb
EleutherAI/gpt-neo-125M	modal_1299	French	peut-être	selon lui	-2.263437187102122	-3.1572394072233387	-29.424683432327583	-37.88687288668007	13.0	12.0	0.8938022201212168	True	neutral	inferential	lexicon_adverb
EleutherAI/gpt-neo-125M	modal_1308	French	vraiment	oh bah sans doute	-2.40182813256979	-3.6373548748947324	-43.23290638625622	-76.38445237278938	18.0	21.0	1.2355267423249425	True	positive	no_evidence	lexicon_adverb
EleutherAI/gpt-neo-125M	modal_1335	French	peut-être	selon lui	-2.3525550956449783	-4.41147141456604	-14.11533057386987	-22.0573570728302	6.0	5.0	2.0589163189210615	True	positive	inferential	lexicon_adverb
EleutherAI/gpt-neo-125M	modal_1367	French	oh bah sans doute	selon Olivier Carré	-3.760324531545242	-7.168894982337951	-22.56194718927145	-35.84447491168976	6.0	5.0	3.4085704507927095	True	negative	no_evidence	lexicon_adverb
EleutherAI/gpt-neo-125M	modal_1369	French	peut-être	tout à fait	-1.8945216007784687	-2.5513323464176874	-20.839737608563155	-28.06465581059456	11.0	11.0	0.6568107456392187	True	positive	inferential	lexicon_adverb
EleutherAI/gpt-neo-125M	modal_1387	French	exactement	peut-être	-2.6469485698733477	-1.1627006851267652	-13.23474284936674	-9.301605481014121	5.0	8.0	-1.4842478847465825	False	positive	no_evidence	lexicon_adverb
EleutherAI/gpt-neo-125M	modal_1498	French	pour dire	peut-être	-2.3521247705341213	-2.2426103452249153	-127.01473760884255	-127.82878967782017	54.0	57.0	-0.10951442530920596	False	positive	reported	lexicon_adverb
EleutherAI/gpt-neo-125M	modal_1515	French	tout à fait	franchement	-2.7013268366456034	-5.5406173666318255	-13.506634183228016	-16.621852099895477	5.0	3.0	2.839290529986222	True	positive	no_evidence	lexicon_adverb
EleutherAI/gpt-neo-125M	modal_1525	French	peut-être	pour dire	-2.354048903869546	-3.031063730828464	-54.14312478899956	-60.62127461656928	23.0	20.0	0.677014826958918	True	positive	inferential	lexicon_adverb
EleutherAI/gpt-neo-125M	modal_1526	French	éventuellement	exactement	-3.1409558951854706	-4.967671521008015	-12.563823580741882	-9.93534304201603	4.0	2.0	1.826715625822544	True	positive	inferential	lexicon_adverb
EleutherAI/gpt-neo-125M	modal_1576	French	forcément	pour vous	-1.9516827228168647	-1.987323753380527	-23.420192673802376	-23.847885040566325	12.0	12.0	0.0356410305636623	True	positive	inferential	lexicon_adverb
EleutherAI/gpt-neo-125M	modal_1616	French	comme tu le croyais	oh bah sans doute	-2.997818990477494	-5.310782889525096	-20.984732933342457	-31.864697337150574	7.0	6.0	2.312963899047602	True	positive	reported	lexicon_adverb
EleutherAI/gpt-neo-125M	modal_1618	French	peut-être	selon lui	-2.3480063772083004	-3.5879183852113785	-25.828070149291307	-35.87918385211378	11.0	10.0	1.239912008003078	True	positive	inferential	lexicon_adverb
EleutherAI/gpt-neo-125M	modal_1624	French	si tu as vu	à mes yeux	-4.030343961715698	-4.03821383160539	-20.15171980857849	-16.15285532642156	5.0	4.0	0.007869869889691294	True	neutral	situated	lexicon_adverb
EleutherAI/gpt-neo-125M	modal_1626	French	à mon avis	évidemment	-4.018727950565517	-3.488673372939229	-40.18727950565517	-34.88673372939229	10.0	10.0	-0.5300545776262879	False	positive	inferential	lexicon_adverb
EleutherAI/gpt-neo-125M	modal_1756	French	à mon avis	franchement	-4.775716612736384	-5.600777986459434	-42.98144951462746	-44.80622389167547	9.0	8.0	0.8250613737230497	True	positive	inferential	lexicon_adverb
EleutherAI/gpt-neo-125M	modal_1955	French	franchement	oh bah sans doute	-3.9200636265533313	-3.92923950228621	-54.880890771746635	-66.79707153886557	14.0	17.0	0.009175875732878591	True	positive	inferential	lexicon_adverb
EleutherAI/gpt-neo-125M	modal_2005	French	franchement	tout à fait	-3.3073017853312194	-2.36621225848794	-26.458414282649755	-23.6621225848794	8.0	10.0	-0.9410895268432795	False	positive	inferential	lexicon_adverb
EleutherAI/gpt-neo-125M	modal_2007	French	à mon avis	exactement	-2.7997358629635225	-2.8846147967627846	-41.99603794445284	-37.4999923579162	15.0	13.0	0.08487893379926215	True	positive	inferential	lexicon_adverb
EleutherAI/gpt-neo-125M	modal_2011	French	à mon avis	absolument	-3.2483843489389983	-3.5266936207490582	-103.94829916604795	-109.3275022432208	32.0	31.0	0.27830927181005993	True	positive	inferential	lexicon_adverb
EleutherAI/gpt-neo-125M	modal_2032	French	apparemment	peut-être	-2.9196475204080343	-1.3731643721461295	-11.678590081632137	-6.865821860730648	4.0	5.0	-1.5464831482619048	False	positive	inferential	lexicon_adverb
EleutherAI/gpt-neo-125M	modal_2109	Italian	in effetti	forse	-3.1812527686124668	-3.3309120556906513	-76.3500664466992	-76.61097728088498	24.0	23.0	0.14965928707818454	True	positive	no_evidence	lexicon_adverbial
EleutherAI/gpt-neo-125M	modal_2145	Italian	come diceva prima lei	forse	-4.457086186323847	-4.774607002735138	-31.19960330426693	-9.549214005470276	7.0	2.0	0.3175208164112906	True	positive	reported	lexicon_adverbial
EleutherAI/gpt-neo-125M	modal_2149	Italian	forse	come diceva prima lei	-2.7694995556323025	-2.145926511264406	-30.46449511195533	-34.3348241802305	11.0	16.0	-0.6235730443678964	False	neutral	inferential	lexicon_adverbial
EleutherAI/gpt-neo-125M	modal_2151	Italian	forse	in realta'	-4.250783562660217	-4.912748456001282	-8.501567125320435	-19.650993824005127	2.0	4.0	0.6619648933410645	True	neutral	inferential	lexicon_adverbial
EleutherAI/gpt-neo-125M	modal_2154	Italian	se devo dire la verita'	forse	-2.9672780938446524	-2.863229738681444	-59.34556187689304	-40.08521634154022	20.0	14.0	-0.10404835516320832	False	positive	reported	lexicon_adverbial
EleutherAI/gpt-neo-125M	modal_2167	Italian	se non sbaglio	forse	-3.5289916988078724	-3.494596750575251	-59.99285887973383	-48.92435450805351	17.0	14.0	-0.03439494823262157	False	positive	no_evidence	lexicon_adverbial
EleutherAI/gpt-neo-125M	modal_2171	Italian	in realta'	forse	-4.8969950675964355	-3.5798962712287903	-19.587980270385742	-7.159792542457581	4.0	2.0	-1.3170987963676453	False	positive	no_evidence	lexicon_adverbial
EleutherAI/gpt-neo-125M	modal_2173	Italian	in realta'	probabilmente	-2.9397377433876195	-2.678069479103821	-26.457639690488577	-24.10262531193439	9.0	9.0	-0.26166826428379864	False	positive	no_evidence	lexicon_adverbial
EleutherAI/gpt-neo-125M	modal_2174	Italian	in realta'	come diceva prima lei	-2.989835974258872	-3.879126495216042	-38.86786766536534	-62.06602392345667	13.0	16.0	0.8892905209571698	True	positive	no_evidence	lexicon_adverbial
EleutherAI/gpt-neo-125M	modal_2193	Italian	forse	in realta'	-3.490430798133214	-4.08483171988936	-52.356461971998215	-69.44213923811913	15.0	17.0	0.5944009217561459	True	neutral	inferential	lexicon_adverbial
EleutherAI/gpt-neo-125M	modal_2201	Italian	come sa	magari	-5.599156856536865	-4.480605125427246	-11.19831371307373	-8.961210250854492	2.0	2.0	-1.1185517311096191	False	positive	no_evidence	lexicon_adverbial
EleutherAI/gpt-neo-125M	modal_2226	Italian	forse	secondo me	-3.1537976463635764	-3.378723438296999	-18.922785878181458	-23.651064068078995	6.0	7.0	0.22492579193342266	True	neutral	inferential	lexicon_adverbial
EleutherAI/gpt-neo-125M	modal_2246	Italian	forse	secondo me	-3.278811542524232	-3.655398091673851	-29.509303882718086	-36.55398091673851	9.0	10.0	0.3765865491496192	True	neutral	inferential	lexicon_adverbial
EleutherAI/gpt-neo-125M	modal_2248	Italian	evidentemente	in realta'	-4.589240586385131	-5.6329726576805115	-13.767721759155393	-22.531890630722046	3.0	4.0	1.0437320712953806	True	positive	inferential	lexicon_adverbial
EleutherAI/gpt-neo-125M	modal_2363	Italian	forse	come sa	-3.8922746777534485	-5.7106006145477295	-7.784549355506897	-11.421201229095459	2.0	2.0	1.818325936794281	True	neutral	inferential	lexicon_adverbial
EleutherAI/gpt-neo-125M	modal_2365	Italian	testualmente	forse	-3.3694168175993995	-3.318718930291652	-222.38150996156037	-212.39801153866574	66.0	64.0	-0.05069788730774727	False	positive	reported	lexicon_adverbial
EleutherAI/gpt-neo-125M	modal_2368	Italian	probabilmente	secondo me	-2.6821568725281395	-4.518952707449595	-18.775098107696977	-27.11371624469757	7.0	6.0	1.836795834921456	True	neutral	inferential	lexicon_adverbial
EleutherAI/gpt-neo-125M	modal_2371	Italian	in realta'	forse	-4.188699563082896	-4.1100192543338325	-79.58529169857502	-69.87032732367516	19.0	17.0	-0.07868030874906307	False	positive	no_evidence	lexicon_adverbial
EleutherAI/gpt-neo-125M	modal_2389	Italian	forse	probabilmente	-3.2066184412688017	-2.6927244863007216	-25.652947530150414	-26.927244863007218	8.0	10.0	-0.5138939549680801	False	neutral	no_evidence	lexicon_adverbial
EleutherAI/gpt-neo-125M	modal_2469	Italian	probabilmente	magari	-2.625064791413024	-3.290643200278282	-21.000518331304193	-19.743859201669693	8.0	6.0	0.6655784088652581	True	positive	inferential	lexicon_adverbial
EleutherAI/gpt-neo-125M	modal_2518	Italian	forse	come diceva prima lei	-2.67075852395501	-3.4157286909098428	-26.7075852395501	-51.23593036364764	10.0	15.0	0.744970166954833	True	neutral	no_evidence	lexicon_adverbial
EleutherAI/gpt-neo-125M	modal_2525	Italian	conoscendo il tipo	forse	-2.7454597236854688	-3.2086934745311737	-19.218218065798283	-6.417386949062347	7.0	2.0	0.46323375084570495	True	positive	no_evidence	lexicon_adverbial
EleutherAI/gpt-neo-125M	modal_2539	Italian	veramente	forse	-2.89177775879701	-3.637407511472702	-8.67533327639103	-7.274815022945404	3.0	2.0	0.7456297526756921	True	positive	no_evidence	lexicon_adverbial
EleutherAI/gpt-neo-125M	modal_2570	Italian	magari	come diceva prima lei	-3.609892720149623	-4.193439493221896	-32.48903448134661	-58.708152905106544	9.0	14.0	0.583546773072273	True	neutral	no_evidence	lexicon_adverbial
EleutherAI/gpt-neo-125M	modal_2598	Italian	magari	come sa	-4.5872993022203445	-4.780716371536255	-45.872993022203445	-47.80716371536255	10.0	10.0	0.19341706931591052	True	neutral	no_evidence	lexicon_adverbial
EleutherAI/gpt-neo-125M	modal_2616	Italian	secondo me	forse	-3.053242114869257	-2.968816320145769	-45.79863172303885	-41.56342848204076	15.0	14.0	-0.08442579472348788	False	positive	no_evidence	lexicon_adverbial
EleutherAI/gpt-neo-125M	modal_2629	Italian	se chiedi a XYZ	magari	-3.8693832780837134	-3.7259918600320816	-65.77951572742313	-44.71190232038498	17.0	12.0	-0.1433914180516318	False	positive	reported	lexicon_adverbial
EleutherAI/gpt-neo-125M	modal_2653	Italian	secondo me	in realta'	-4.3482358902692795	-5.277171611785889	-47.830594792962074	-63.326059341430664	11.0	12.0	0.9289357215166092	True	positive	no_evidence	lexicon_adverbial
EleutherAI/gpt-neo-125M	modal_2655	Italian	secondo me	come diceva prima lei	-3.7773413211107254	-3.781791737768799	-75.54682642221451	-90.76300170645118	20.0	24.0	0.004450416658073664	True	positive	no_evidence	lexicon_adverbial
EleutherAI/gpt-neo-125M	modal_2732	Italian	magari	veramente	-2.9052862458862365	-2.4270169958048924	-29.052862458862364	-26.697186953853816	10.0	11.0	-0.47826925008134413	False	positive	inferential	lexicon_adverbial
EleutherAI/gpt-neo-125M	modal_2749	Italian	secondo me	magari	-4.144111913761923	-4.430866630031512	-58.01756679266691	-57.60126619040966	14.0	13.0	0.2867547162695896	True	positive	no_evidence	lexicon_adverbial
EleutherAI/gpt-neo-125M	modal_2779	Italian	secondo te	probabilmente	-4.877981503804524	-3.022460323802079	-14.633944511413574	-12.089841295208316	3.0	4.0	-1.8555211800024454	False	positive	no_evidence	lexicon_adverbial
EleutherAI/gpt-neo-125M	modal_2780	Italian	secondo me	magari	-2.993600754236633	-2.979101148992777	-32.929608296602964	-29.79101148992777	11.0	10.0	-0.014499605243856184	False	positive	no_evidence	lexicon_adverbial
EleutherAI/gpt-neo-125M	modal_2782	Italian	a dir la verita'	forse	-5.681777000427246	-3.62732844799757	-34.09066200256348	-7.25465689599514	6.0	2.0	-2.054448552429676	False	positive	no_evidence	lexicon_adverbial
EleutherAI/gpt-neo-125M	modal_2804	Italian	magari	in realta'	-4.160397829754012	-4.436609056260851	-29.122784808278084	-39.929481506347656	7.0	9.0	0.27621122650683905	True	neutral	no_evidence	lexicon_adverbial
EleutherAI/gpt-neo-125M	modal_2818	Italian	secondo me	forse	-3.3987296016088555	-3.324646391802364	-95.16442884504795	-89.76545257866383	28.0	27.0	-0.07408320980649163	False	positive	no_evidence	lexicon_adverbial
Qwen/Qwen3-0.6B	modal_0000	English	maybe	probably	-3.479914483924707	-4.226352425913016	-20.87948690354824	-25.358114555478096	6.0	6.0	0.7464379419883094	True	positive	inferential	lexicon_adverb
Qwen/Qwen3-0.6B	modal_0029	English	probably	apparently	-2.3792281448841095	-3.4664333797991276	-19.033825159072876	-27.73146703839302	8.0	8.0	1.087205234915018	True	positive	inferential	lexicon_adverb
Qwen/Qwen3-0.6B	modal_0032	English	as you know	in ef]fect	-4.0602209482874185	-5.967912451426188	-56.843093276023865	-89.51868677139282	14.0	15.0	1.9076915031387696	True	positive	no_evidence	lexicon_adverb
Qwen/Qwen3-0.6B	modal_0037	English	apparently	possibly	-10.862831115722656	-11.586825370788574	-10.862831115722656	-11.586825370788574	1.0	1.0	0.723994255065918	True	positive	reported	lexicon_adverb
Qwen/Qwen3-0.6B	modal_0040	English	obviously	in ef]fect	-4.63641619682312	-8.472022914886475	-9.27283239364624	-42.36011457443237	2.0	5.0	3.835606718063355	True	positive	inferential	lexicon_adverb
Qwen/Qwen3-0.6B	modal_0041	English	apparently	probably	-5.98459347656795	-5.281309315136501	-41.89215433597565	-36.969165205955505	7.0	7.0	-0.7032841614314487	False	positive	reported	lexicon_adverb
Qwen/Qwen3-0.6B	modal_0062	English	probably	possibly	-3.968885898590088	-5.9999144077301025	-7.937771797180176	-11.999828815460205	2.0	2.0	2.0310285091400146	True	positive	inferential	lexicon_adverb
Qwen/Qwen3-0.6B	modal_0082	English	apparently	probably	-4.365172273733399	-4.550921109589663	-96.03379002213478	-100.1202644109726	22.0	22.0	0.18574883585626445	True	positive	reported	lexicon_adverb
Qwen/Qwen3-0.6B	modal_0090	English	apparently	probably	-3.0818741023540497	-3.105823865532875	-30.818741023540497	-31.05823865532875	10.0	10.0	0.023949763178825467	True	positive	reported	lexicon_adverb
Qwen/Qwen3-0.6B	modal_0094	English	maybe	basically	-2.452179342508316	-4.353988806406657	-14.713076055049896	-26.12393283843994	6.0	6.0	1.9018094638983412	True	positive	situated	lexicon_adverb
Qwen/Qwen3-0.6B	modal_0106	English	basically	probab	-4.067903172402155	-5.112839412960139	-85.42596662044525	-112.48246708512306	21.0	22.0	1.044936240557984	True	positive	no_evidence	lexicon_adverb
Qwen/Qwen3-0.6B	modal_0107	English	maybe	probably	-3.8493116060449717	-3.9526723929577403	-69.28760890880949	-71.14810307323933	18.0	18.0	0.10336078691276862	True	positive	situated	lexicon_adverb
Qwen/Qwen3-0.6B	modal_0123	English	basically	like you say	-3.0485989710441572	-3.026190226607415	-97.55516707341303	-102.89046770465211	32.0	34.0	-0.022408744436742012	False	positive	no_evidence	lexicon_adverb
Qwen/Qwen3-0.6B	modal_0214	English	probab	maybe	-9.861996054649353	-6.184122085571289	-19.723992109298706	-6.184122085571289	2.0	1.0	-3.677873969078064	False	positive	inferential	lexicon_adverb
Qwen/Qwen3-0.6B	modal_0281	English	Maybe	probab	-4.139475107192993	-8.766522645950317	-12.41842532157898	-35.06609058380127	3.0	4.0	4.627047538757324	True	positive	no_evidence	lexicon_adverb
Qwen/Qwen3-0.6B	modal_0451	English	unless I'm wrong	basically	-3.6791116722023993	-4.146413535045992	-62.544898427440785	-58.04978949064389	17.0	14.0	0.467301862843593	True	positive	inferential	lexicon_adverb
Qwen/Qwen3-0.6B	modal_0469	English	[More- -- more li]kely than not	apparently	-5.379651709036394	-13.105863571166992	-59.17616879940033	-13.105863571166992	11.0	1.0	7.726211862130598	True	positive	no_evidence	lexicon_adverb
Qwen/Qwen3-0.6B	modal_0474	English	in ef]fect	Really?	-3.9842628473725874	-3.7972210666514004	-107.57509687905986	-94.930526666285	27.0	25.0	-0.18704178072118705	False	positive	reported	lexicon_adverb
Qwen/Qwen3-0.6B	modal_0526	English	probably	maybe	-3.510194644331932	-3.2583062052726746	-14.040778577327728	-13.033224821090698	4.0	4.0	-0.2518884390592575	False	positive	no_evidence	lexicon_adverb
Qwen/Qwen3-0.6B	modal_0530	English	of course	probably	-3.0541589664062485	-4.133649725560099	-18.32495379843749	-20.668248627800494	6.0	5.0	1.0794907591538507	True	positive	no_evidence	lexicon_adverb
Qwen/Qwen3-0.6B	modal_0562	English	Really?	possibly	-4.366186052560806	-14.785215377807617	-8.732372105121613	-14.785215377807617	2.0	1.0	10.419029325246811	True	positive	no_evidence	lexicon_adverb
Qwen/Qwen3-0.6B	modal_0575	English	probably	in ef]fect	-3.3473071413380757	-6.732933494448662	-23.43114998936653	-67.32933494448662	7.0	10.0	3.385626353110586	True	positive	no_evidence	lexicon_adverb
Qwen/Qwen3-0.6B	modal_0578	English	probably	basically	-3.492868423461914	-6.404251416524251	-10.478605270385742	-19.212754249572754	3.0	3.0	2.911382993062337	True	positive	no_evidence	lexicon_adverb
Qwen/Qwen3-0.6B	modal_0603	English	apparently	maybe	-7.055877923965454	-4.806974649429321	-14.111755847930908	-9.613949298858643	2.0	2.0	-2.248903274536133	False	neutral	no_evidence	lexicon_adverb
Qwen/Qwen3-0.6B	modal_0629	English	possibly	probably	-4.860667722565787	-4.626537093094417	-34.02467405796051	-32.38575965166092	7.0	7.0	-0.23413062947136964	False	neutral	no_evidence	lexicon_adverb
Qwen/Qwen3-0.6B	modal_0671	English	probably	in ef]fect	-3.2547111928462984	-6.246911035850644	-16.27355596423149	-49.97528828680515	5.0	8.0	2.9921998430043457	True	positive	no_evidence	lexicon_adverb
Qwen/Qwen3-0.6B	modal_0675	English	definitely	apparently	-5.556965018489531	-5.470822144299746	-38.89875512942672	-38.29575501009822	7.0	7.0	-0.08614287418978517	False	positive	no_evidence	lexicon_adverb
Qwen/Qwen3-0.6B	modal_0710	English	like you say	obviously	-3.047520888839327	-3.132245758948193	-67.0454595544652	-62.644915178963856	22.0	20.0	0.08472487010886587	True	positive	reported	lexicon_adverb
Qwen/Qwen3-0.6B	modal_0711	English	maybe	apparently	-2.7353338470922224	-3.2103615042172975	-51.97134309475223	-60.99686858012865	19.0	19.0	0.4750276571250751	True	positive	no_evidence	lexicon_adverb
Qwen/Qwen3-0.6B	modal_0712	English	maybe	basically	-1.877980427443981	-2.6470402091741563	-18.77980427443981	-26.470402091741562	10.0	10.0	0.7690597817301752	True	positive	no_evidence	lexicon_adverb
Qwen/Qwen3-0.6B	modal_0713	English	probably	apparently	-3.935491554439068	-5.132745027542114	-15.741966217756271	-20.530980110168457	4.0	4.0	1.1972534731030464	True	positive	no_evidence	lexicon_adverb
Qwen/Qwen3-0.6B	modal_0739	English	probably	apparently	-3.8877009749412537	-5.389927923679352	-15.550803899765015	-21.559711694717407	4.0	4.0	1.5022269487380981	True	positive	no_evidence	lexicon_adverb
Qwen/Qwen3-0.6B	modal_0742	English	probably	Really?	-3.9302999591454864	-5.344549862329256	-39.30299959145486	-58.79004848562181	10.0	11.0	1.4142499031837694	True	positive	no_evidence	lexicon_adverb
Qwen/Qwen3-0.6B	modal_0745	English	Maybe	probably	-6.074434106402538	-6.152354076942977	-103.26537980884314	-104.5900193080306	17.0	17.0	0.07791997054043964	True	positive	no_evidence	lexicon_adverb
Qwen/Qwen3-0.6B	modal_0885	French	forcément	tout à fait	-5.441776853054762	-3.048340931534767	-10.883553706109524	-9.145022794604301	2.0	3.0	-2.3934359215199947	False	positive	inferential	lexicon_adverb
Qwen/Qwen3-0.6B	modal_0888	French	à mes yeux	absolument	-2.6399916173624143	-3.1197062269663243	-36.9598826430738	-37.43647472359589	14.0	12.0	0.47971460960391	True	positive	inferential	lexicon_adverb
Qwen/Qwen3-0.6B	modal_0906	French	vraiment	peut-être	-3.2391318863820127	-3.1254222460959227	-100.4130884778424	-100.01351187506953	31.0	32.0	-0.11370964028608999	False	positive	no_evidence	lexicon_adverb
Qwen/Qwen3-0.6B	modal_0907	French	pour moi	forcément	-2.976527371229447	-3.0683759530427497	-77.38971165196563	-79.7777747791115	26.0	26.0	0.09184858181330258	True	positive	no_evidence	lexicon_adverb
Qwen/Qwen3-0.6B	modal_0916	French	effectivement	franchement	-3.856582794309361	-5.234034682624042	-7.713165588618722	-10.468069365248084	2.0	2.0	1.3774518883146811	True	positive	situated	lexicon_adverb
Qwen/Qwen3-0.6B	modal_0922	French	forcément	exactement	-2.926143638789654	-3.6260053627192974	-11.704574555158615	-14.50402145087719	4.0	4.0	0.6998617239296436	True	positive	inferential	lexicon_adverb
Qwen/Qwen3-0.6B	modal_0979	French	peut être	si tu as vu	-3.708453098932902	-5.223593139648438	-11.125359296798706	-26.117965698242188	3.0	5.0	1.515140040715536	True	positive	inferential	lexicon_adverb
Qwen/Qwen3-0.6B	modal_0996	French	vraiment	pour vous	-3.0386333919595927	-3.3231008456088604	-42.5408674874343	-49.846512684132904	14.0	15.0	0.28446745364926773	True	positive	inferential	lexicon_adverb
Qwen/Qwen3-0.6B	modal_0997	French	quand j'ai voulu regarder	si tu as vu	-3.1319337768760076	-3.3776924525260585	-147.20088751317235	-148.61846791114658	47.0	44.0	0.24575867565005094	True	positive	situated	lexicon_adverb
Qwen/Qwen3-0.6B	modal_1002	French	peut-être	mon avis	-4.153177746704647	-4.972871669701168	-29.072244226932526	-34.81010168790817	7.0	7.0	0.819693922996521	True	neutral	inferential	lexicon_adverb
Qwen/Qwen3-0.6B	modal_1009	French	selon lui	si tu as vu	-3.815615850687027	-4.015769236854145	-19.078079253435135	-28.11038465797901	5.0	7.0	0.20015338616711809	True	positive	no_evidence	lexicon_adverb
Qwen/Qwen3-0.6B	modal_1010	French	selon lui	peut-être	-4.378502857871354	-4.537659261733866	-56.9205371523276	-58.98957040254027	13.0	13.0	0.15915640386251262	True	positive	no_evidence	lexicon_adverb
Qwen/Qwen3-0.6B	modal_1018	French	pour moi	effectivement	-3.6466592441720422	-3.5002166106908894	-87.51982186012901	-84.00519865658134	24.0	24.0	-0.14644263348115283	False	positive	no_evidence	lexicon_adverb
Qwen/Qwen3-0.6B	modal_1020	French	selon Olivier Carré	oh bah sans doute	-4.668240690371022	-5.29010049700737	-18.672962761484087	-26.45050248503685	4.0	5.0	0.6218598066363485	True	positive	reported	lexicon_adverb
Qwen/Qwen3-0.6B	modal_1027	French	évidemment	à mon avis	-2.6483658357036277	-2.9101010216820415	-50.31895087836892	-52.38181839027675	19.0	18.0	0.26173518597841383	True	positive	no_evidence	lexicon_adverb
Qwen/Qwen3-0.6B	modal_1030	French	peut-être	si tu as vu	-3.1084012574756343	-3.431835167960445	-49.73442011961015	-61.77303302328801	16.0	18.0	0.32343391048481074	True	positive	no_evidence	lexicon_adverb
Qwen/Qwen3-0.6B	modal_1032	French	peut-être	pour dire	-2.452701091821793	-2.8023230148357383	-51.50672292825766	-58.848783311550505	21.0	21.0	0.34962192301394523	True	positive	no_evidence	lexicon_adverb
Qwen/Qwen3-0.6B	modal_1057	French	absolument	à mon avis	-4.654507402330637	-3.075624863306681	-9.309014804661274	-9.226874589920044	2.0	3.0	-1.5788825390239558	False	positive	no_evidence	lexicon_adverb
Qwen/Qwen3-0.6B	modal_1067	French	comme euh euh tu le disais	peut-être	-3.7674597544856248	-3.9056473588005045	-128.09363165251125	-105.45247868761362	34.0	27.0	0.13818760431487975	True	positive	reported	lexicon_adverb
Qwen/Qwen3-0.6B	modal_1093	French	franchement	oh bah sans doute	-3.8835650004136064	-4.407155892873804	-46.60278000496328	-66.10733839310706	12.0	15.0	0.5235908924601973	True	positive	no_evidence	lexicon_adverb
Qwen/Qwen3-0.6B	modal_1099	French	pour vous	peut-être	-4.9388344287872314	-3.8918671160936356	-9.877668857574463	-7.783734232187271	2.0	2.0	-1.0469673126935959	False	neutral	no_evidence	lexicon_adverb
Qwen/Qwen3-0.6B	modal_1115	French	peut-être	pour vous	-3.6626997757703066	-6.0625927448272705	-14.650799103081226	-24.250370979309082	4.0	4.0	2.399892969056964	True	positive	no_evidence	lexicon_adverb
Qwen/Qwen3-0.6B	modal_1129	French	vraiment	peut-être	-5.094622001051903	-4.324293169710371	-40.75697600841522	-38.91863852739334	8.0	9.0	-0.7703288313415317	False	positive	no_evidence	lexicon_adverb
Qwen/Qwen3-0.6B	modal_1137	French	mon avis	oh bah sans doute	-6.164526998996735	-5.241055367514491	-30.822634994983673	-41.92844294011593	5.0	8.0	-0.9234716314822435	False	positive	no_evidence	lexicon_adverb
Qwen/Qwen3-0.6B	modal_1143	French	peut-être	forcément	-3.5066302120685577	-4.688852500170469	-14.026520848274231	-18.755410000681877	4.0	4.0	1.1822222881019115	True	positive	no_evidence	lexicon_adverb
Qwen/Qwen3-0.6B	modal_1147	French	exactement	à mon avis	-5.468156819231808	-4.731769482294719	-10.936313638463616	-14.195308446884155	2.0	3.0	-0.7363873369370895	False	positive	no_evidence	lexicon_adverb
Qwen/Qwen3-0.6B	modal_1148	French	exactement	forcément	-6.84050214337185	-8.198619723320007	-13.6810042867437	-16.397239446640015	2.0	2.0	1.358117579948157	True	positive	no_evidence	lexicon_adverb
Qwen/Qwen3-0.6B	modal_1160	French	comme disait Bertrand	absolument	-4.166636815667152	-6.129818141460419	-20.833184078335762	-12.259636282920837	5.0	2.0	1.9631813257932667	True	positive	reported	lexicon_adverb
Qwen/Qwen3-0.6B	modal_1179	French	peut-être	pour dire	-3.3612783700227737	-3.5209603309631348	-6.7225567400455475	-7.0419206619262695	2.0	2.0	0.15968196094036102	True	positive	no_evidence	lexicon_adverb
Qwen/Qwen3-0.6B	modal_1180	French	peut-être	vraiment	-1.3390655862458516	-6.621741771697998	-2.678131172491703	-6.621741771697998	2.0	1.0	5.2826761854521465	True	neutral	no_evidence	lexicon_adverb
Qwen/Qwen3-0.6B	modal_1193	French	peut-être	vraiment	-3.2629145266643413	-3.404363557230681	-117.4649229599163	-119.15272450307384	36.0	35.0	0.14144903056633984	True	neutral	no_evidence	lexicon_adverb
Qwen/Qwen3-0.6B	modal_1205	French	comme disait Bertrand	exactement	-5.080964678525925	-5.304901605471969	-25.404823392629623	-10.609803210943937	5.0	2.0	0.2239369269460436	True	positive	reported	lexicon_adverb
Qwen/Qwen3-0.6B	modal_1260	French	à chaque fois	tout à fait	-4.381381257352504	-3.8175236601382494	-48.19519383087754	-41.99276026152074	11.0	11.0	-0.5638575972142545	False	positive	reported	lexicon_adverb
Qwen/Qwen3-0.6B	modal_1290	French	vraiment	absolument	-5.255402167638143	-5.221844645217061	-15.766206502914429	-20.887378580868244	3.0	4.0	-0.033557522421081565	False	positive	inferential	lexicon_adverb
Qwen/Qwen3-0.6B	modal_1299	French	peut-être	selon lui	-2.5644471533596516	-3.669801836833358	-20.515577226877213	-29.358414694666862	8.0	8.0	1.1053546834737062	True	neutral	inferential	lexicon_adverb
Qwen/Qwen3-0.6B	modal_1308	French	vraiment	oh bah sans doute	-3.086003596584002	-3.7526324766222388	-37.032043159008026	-60.04211962595582	12.0	16.0	0.6666288800382367	True	positive	no_evidence	lexicon_adverb
Qwen/Qwen3-0.6B	modal_1335	French	peut-être	selon lui	-4.507923285166423	-6.079596837361653	-13.523769855499268	-18.23879051208496	3.0	3.0	1.5716735521952305	True	positive	inferential	lexicon_adverb
Qwen/Qwen3-0.6B	modal_1367	French	oh bah sans doute	selon Olivier Carré	-4.430703890323639	-8.483028054237366	-22.153519451618195	-33.93211221694946	5.0	4.0	4.052324163913727	True	negative	no_evidence	lexicon_adverb
Qwen/Qwen3-0.6B	modal_1369	French	peut-être	tout à fait	-2.7266697343438864	-2.9218658965546638	-19.086688140407205	-23.37492717243731	7.0	8.0	0.1951961622107774	True	positive	inferential	lexicon_adverb
Qwen/Qwen3-0.6B	modal_1387	French	exactement	peut-être	-3.1701516608397164	-2.97568909645391	-9.51045498251915	-8.92706728936173	3.0	3.0	-0.19446256438580622	False	positive	no_evidence	lexicon_adverb
Qwen/Qwen3-0.6B	modal_1498	French	pour dire	peut-être	-3.258332661524764	-3.3509969747959985	-130.33330646099057	-134.03987899183994	40.0	40.0	0.09266431327123437	True	positive	reported	lexicon_adverb
Qwen/Qwen3-0.6B	modal_1515	French	tout à fait	franchement	-3.2712278366088867	-6.6894364431500435	-9.81368350982666	-13.378872886300087	3.0	2.0	3.4182086065411568	True	positive	no_evidence	lexicon_adverb
Qwen/Qwen3-0.6B	modal_1525	French	peut-être	pour dire	-3.8062996919530527	-3.9265494648558055	-64.7070947632019	-66.75134090254869	17.0	17.0	0.12024977290275274	True	positive	inferential	lexicon_adverb
Qwen/Qwen3-0.6B	modal_1526	French	éventuellement	exactement	-4.903518490493298	-4.226234883069992	-14.710555471479893	-8.452469766139984	3.0	2.0	-0.6772836074233055	False	positive	inferential	lexicon_adverb
Qwen/Qwen3-0.6B	modal_1576	French	forcément	pour vous	-2.144695404118725	-3.5559073667308048	-15.012867828831077	-24.891351567115635	7.0	7.0	1.4112119626120796	True	positive	inferential	lexicon_adverb
Qwen/Qwen3-0.6B	modal_1616	French	comme tu le croyais	oh bah sans doute	-2.8878953144109496	-4.844060599803925	-17.3273718864657	-24.220302999019623	6.0	5.0	1.956165285392975	True	positive	reported	lexicon_adverb
Qwen/Qwen3-0.6B	modal_1618	French	peut-être	selon lui	-4.154343780875206	-6.779809951782227	-20.77171890437603	-33.89904975891113	5.0	5.0	2.6254661709070204	True	positive	inferential	lexicon_adverb
Qwen/Qwen3-0.6B	modal_1624	French	si tu as vu	à mes yeux	-3.0589209645986557	-4.101102881948464	-12.235683858394623	-16.404411527793854	4.0	4.0	1.042181917349808	True	neutral	situated	lexicon_adverb
Qwen/Qwen3-0.6B	modal_1626	French	à mon avis	évidemment	-5.2225621342659	-3.959687418954369	-41.7804970741272	-35.637186770589324	8.0	9.0	-1.2628747153115305	False	positive	inferential	lexicon_adverb
Qwen/Qwen3-0.6B	modal_1756	French	à mon avis	franchement	-4.513421476951668	-5.087365843355656	-31.59395033866167	-30.524195060133934	7.0	6.0	0.573944366403988	True	positive	inferential	lexicon_adverb
Qwen/Qwen3-0.6B	modal_1955	French	franchement	oh bah sans doute	-3.301929981268656	-3.431235430383822	-42.925089756492525	-54.89976688614115	13.0	16.0	0.12930544911516595	True	positive	inferential	lexicon_adverb
Qwen/Qwen3-0.6B	modal_2005	French	franchement	tout à fait	-3.2498518631327897	-2.5869541402373994	-19.49911117879674	-18.108678981661797	6.0	7.0	-0.6628977228953903	False	positive	inferential	lexicon_adverb
Qwen/Qwen3-0.6B	modal_2007	French	à mon avis	exactement	-2.5765564207551788	-2.8725979186177333	-33.49523346981732	-34.4711750234128	13.0	12.0	0.2960414978625545	True	positive	inferential	lexicon_adverb
Qwen/Qwen3-0.6B	modal_2011	French	à mon avis	absolument	-3.4383332894515033	-3.9367355458065867	-89.39666552573908	-98.41838864516467	26.0	25.0	0.4984022563550834	True	positive	inferential	lexicon_adverb
Qwen/Qwen3-0.6B	modal_2032	French	apparemment	peut-être	-4.744541119784117	-4.569851994514465	-14.23362335935235	-9.13970398902893	3.0	2.0	-0.1746891252696514	False	positive	inferential	lexicon_adverb
Qwen/Qwen3-0.6B	modal_2109	Italian	in effetti	forse	-2.939843298301899	-3.0880397558328694	-61.73670926433988	-61.76079511665739	21.0	20.0	0.14819645753097044	True	positive	no_evidence	lexicon_adverbial
Qwen/Qwen3-0.6B	modal_2145	Italian	come diceva prima lei	forse	-6.529294967651367	-5.121082000434399	-32.646474838256836	-10.242164000868797	5.0	2.0	-1.4082129672169685	False	positive	reported	lexicon_adverbial
Qwen/Qwen3-0.6B	modal_2149	Italian	forse	come diceva prima lei	-2.656648585019866	-3.244024714582007	-21.253188680158928	-35.68427186040208	8.0	11.0	0.5873761295621409	True	neutral	inferential	lexicon_adverbial
Qwen/Qwen3-0.6B	modal_2151	Italian	forse	in realta'	-3.7867547310888767	-3.68134543299675	-7.5735094621777534	-14.725381731987	2.0	4.0	-0.10540929809212685	False	neutral	inferential	lexicon_adverbial
Qwen/Qwen3-0.6B	modal_2154	Italian	se devo dire la verita'	forse	-3.313083575254208	-3.4090512263087125	-62.948587929829955	-44.317665942013264	19.0	13.0	0.09596765105450444	True	positive	reported	lexicon_adverbial
Qwen/Qwen3-0.6B	modal_2167	Italian	se non sbaglio	forse	-3.6514013399680456	-3.969574307401975	-54.77102009952068	-47.6348916888237	15.0	12.0	0.31817296743392953	True	positive	no_evidence	lexicon_adverbial
Qwen/Qwen3-0.6B	modal_2171	Italian	in realta'	forse	-3.4633940011262894	-3.911925695836544	-13.853576004505157	-7.823851391673088	4.0	2.0	0.44853169471025467	True	positive	no_evidence	lexicon_adverbial
Qwen/Qwen3-0.6B	modal_2173	Italian	in realta'	probabilmente	-2.5568801222834736	-4.277200714995463	-20.45504097826779	-25.663204289972782	8.0	6.0	1.7203205927119898	True	positive	no_evidence	lexicon_adverbial
Qwen/Qwen3-0.6B	modal_2174	Italian	in realta'	come diceva prima lei	-2.6502023759530857	-4.121823033246283	-31.80242851143703	-53.58369943220168	12.0	13.0	1.4716206572931974	True	positive	no_evidence	lexicon_adverbial
Qwen/Qwen3-0.6B	modal_2193	Italian	forse	in realta'	-3.57962067425251	-3.512873195577413	-50.11468943953514	-56.205971129238605	14.0	16.0	-0.06674747867509723	False	neutral	inferential	lexicon_adverbial
Qwen/Qwen3-0.6B	modal_2201	Italian	come sa	magari	-5.086860656738281	-5.492569923400879	-10.173721313476562	-10.985139846801758	2.0	2.0	0.40570926666259766	True	positive	no_evidence	lexicon_adverbial
Qwen/Qwen3-0.6B	modal_2226	Italian	forse	secondo me	-3.7434002339839934	-5.558914923667908	-18.717001169919968	-27.79457461833954	5.0	5.0	1.8155146896839147	True	neutral	inferential	lexicon_adverbial
Qwen/Qwen3-0.6B	modal_2246	Italian	forse	secondo me	-2.537505527208042	-3.770469708730363	-22.837549744872376	-33.93422737857327	9.0	9.0	1.2329641815223211	True	neutral	inferential	lexicon_adverbial
Qwen/Qwen3-0.6B	modal_2248	Italian	evidentemente	in realta'	-5.7282308442518115	-3.8382837921380997	-11.456461688503623	-15.353135168552399	2.0	4.0	-1.8899470521137118	False	positive	inferential	lexicon_adverbial
Qwen/Qwen3-0.6B	modal_2363	Italian	forse	come sa	-3.593040995299816	-5.270848989486694	-7.186081990599632	-10.541697978973389	2.0	2.0	1.6778079941868782	True	neutral	inferential	lexicon_adverbial
Qwen/Qwen3-0.6B	modal_2365	Italian	testualmente	forse	-3.3610014599136777	-3.2712312994842514	-201.66008759482065	-193.00264666957082	60.0	59.0	-0.08977016042942632	False	positive	reported	lexicon_adverbial
Qwen/Qwen3-0.6B	modal_2368	Italian	probabilmente	secondo me	-3.0669645993271843	-5.5089034713804725	-15.334822996635921	-27.54451735690236	5.0	5.0	2.441938872053288	True	neutral	inferential	lexicon_adverbial
Qwen/Qwen3-0.6B	modal_2371	Italian	in realta'	forse	-4.562559666374	-4.736333383047687	-73.000954661984	-66.30866736266762	16.0	14.0	0.17377371667368724	True	positive	no_evidence	lexicon_adverbial
Qwen/Qwen3-0.6B	modal_2389	Italian	forse	probabilmente	-4.015747589724405	-3.7382092280313373	-28.11023312807083	-26.16746459621936	7.0	7.0	-0.27753836169306734	False	neutral	no_evidence	lexicon_adverbial
Qwen/Qwen3-0.6B	modal_2469	Italian	probabilmente	magari	-4.984424373134971	-4.504043512046337	-19.937697492539883	-18.01617404818535	4.0	4.0	-0.48038086108863354	False	positive	inferential	lexicon_adverbial
Qwen/Qwen3-0.6B	modal_2518	Italian	forse	come diceva prima lei	-2.9465265632170485	-4.382278801825702	-23.57221250573639	-48.20506682008272	8.0	11.0	1.4357522386086536	True	neutral	no_evidence	lexicon_adverbial
Qwen/Qwen3-0.6B	modal_2525	Italian	conoscendo il tipo	forse	-5.15508446097374	-2.8395615071058273	-20.62033784389496	-5.679123014211655	4.0	2.0	-2.3155229538679123	False	positive	no_evidence	lexicon_adverbial
Qwen/Qwen3-0.6B	modal_2539	Italian	veramente	forse	-5.322997331619263	-2.8436464983969927	-10.645994663238525	-5.687292996793985	2.0	2.0	-2.47935083322227	False	positive	no_evidence	lexicon_adverbial
Qwen/Qwen3-0.6B	modal_2570	Italian	magari	come diceva prima lei	-2.8480200162157416	-4.484152273698286	-22.784160129725933	-49.32567501068115	8.0	11.0	1.6361322574825445	True	neutral	no_evidence	lexicon_adverbial
Qwen/Qwen3-0.6B	modal_2598	Italian	magari	come sa	-5.839989384636283	-6.483451843261719	-46.71991507709026	-51.86761474609375	8.0	8.0	0.6434624586254358	True	neutral	no_evidence	lexicon_adverbial
Qwen/Qwen3-0.6B	modal_2616	Italian	secondo me	forse	-5.025066718459129	-4.517414661971006	-55.27573390305042	-49.69156128168106	11.0	11.0	-0.5076520564881237	False	positive	no_evidence	lexicon_adverbial
Qwen/Qwen3-0.6B	modal_2629	Italian	se chiedi a XYZ	magari	-3.5273603226368624	-3.362380115907978	-52.91040483955294	-36.98618127498776	15.0	11.0	-0.16498020672888458	False	positive	reported	lexicon_adverbial
Qwen/Qwen3-0.6B	modal_2653	Italian	secondo me	in realta'	-5.33953234884474	-4.2622275731780315	-48.05579113960266	-46.88450330495834	9.0	11.0	-1.0773047756667085	False	positive	no_evidence	lexicon_adverbial
Qwen/Qwen3-0.6B	modal_2655	Italian	secondo me	come diceva prima lei	-4.729926832458553	-4.821337000280619	-80.40875615179539	-96.42674000561237	17.0	20.0	0.09141016782206624	True	positive	no_evidence	lexicon_adverbial
Qwen/Qwen3-0.6B	modal_2732	Italian	magari	veramente	-3.7000040110692174	-4.091081808984098	-33.30003609962296	-36.81973628085689	9.0	9.0	0.39107779791488095	True	positive	inferential	lexicon_adverbial
Qwen/Qwen3-0.6B	modal_2749	Italian	secondo me	magari	-4.182978618036334	-4.082191562590499	-50.19574341643602	-48.986298751086	12.0	12.0	-0.100787055445835	False	positive	no_evidence	lexicon_adverbial
Qwen/Qwen3-0.6B	modal_2779	Italian	secondo te	probabilmente	-7.635913848876953	-5.827002011239529	-15.271827697753906	-11.654004022479057	2.0	2.0	-1.8089118376374245	False	positive	no_evidence	lexicon_adverbial
Qwen/Qwen3-0.6B	modal_2780	Italian	secondo me	magari	-3.5297757480293512	-3.300361621193588	-28.23820598423481	-26.402892969548702	8.0	8.0	-0.22941412683576345	False	positive	no_evidence	lexicon_adverbial
Qwen/Qwen3-0.6B	modal_2782	Italian	a dir la verita'	forse	-4.425628552834193	-4.125529393553734	-26.553771317005157	-8.251058787107468	6.0	2.0	-0.3000991592804594	False	positive	no_evidence	lexicon_adverbial
Qwen/Qwen3-0.6B	modal_2804	Italian	magari	in realta'	-3.933026178606919	-3.8698914187649884	-27.531183250248432	-34.8290227688849	7.0	9.0	-0.06313475984193051	False	neutral	no_evidence	lexicon_adverbial
Qwen/Qwen3-0.6B	modal_2818	Italian	secondo me	forse	-4.020547938998789	-3.8079594266368075	-80.41095877997577	-76.15918853273615	20.0	20.0	-0.21258851236198106	False	positive	no_evidence	lexicon_adverbial
