representation	view	split	label	n	accuracy	balanced_accuracy	macro_f1	n_splits
majority	none	random	polarity	688	0.8183139534883721	0.3333333333333333	0.30002664535038637	5.0
tfidf_char_3_5	marker_only	random	polarity	688	0.8677325581395349	0.5780180200695298	0.6375312982135344	5.0
tfidf_char_3_5	marker_scope	random	polarity	688	0.8430232558139535	0.4724618681101807	0.5183074408678426	5.0
tfidf_char_3_5	context_only_1	random	polarity	688	0.8386627906976745	0.4304663660791547	0.44755625260058257	5.0
tfidf_char_3_5	context_marker_1	random	polarity	688	0.8430232558139535	0.4453078744819419	0.4614229914988129	5.0
tfidf_char_3_5	context_marker_scope_1	random	polarity	688	0.8415697674418605	0.4521575720510001	0.4802326106947725	5.0
tfidf_char_3_5	context_only_3	random	polarity	688	0.8386627906976745	0.43569248986655734	0.4512293806411454	5.0
tfidf_char_3_5	context_marker_3	random	polarity	688	0.8415697674418605	0.44210274627681373	0.4580630149735841	5.0
tfidf_char_3_5	context_marker_scope_3	random	polarity	688	0.8386627906976745	0.4383055517602587	0.4531819456125596	5.0
tfidf_char_3_5	context_only_5	random	polarity	688	0.8357558139534884	0.4524023686989939	0.47737074881805697	5.0
tfidf_char_3_5	context_marker_5	random	polarity	688	0.8357558139534884	0.4524023686989939	0.47737074881805697	5.0
tfidf_char_3_5	context_marker_scope_5	random	polarity	688	0.8313953488372093	0.4506261697647133	0.47365085563055104	5.0
tfidf_char_3_5	context_only_10	random	polarity	688	0.8343023255813954	0.4697043138428574	0.5009790119742314	5.0
tfidf_char_3_5	context_marker_10	random	polarity	688	0.8313953488372093	0.46852018122000355	0.49771392427938915	5.0
tfidf_char_3_5	context_marker_scope_10	random	polarity	688	0.8270348837209303	0.46674398228572295	0.49419634438451315	5.0
tfidf_char_3_5	context_only_20	random	polarity	688	0.815406976744186	0.46984663747541194	0.48718195481003496	5.0
tfidf_char_3_5	context_marker_20	random	polarity	688	0.8168604651162791	0.4704387037868388	0.4883575679568641	5.0
tfidf_char_3_5	context_marker_scope_20	random	polarity	688	0.813953488372093	0.469254571163985	0.48601532567049804	5.0
majority	none	lemma_group	polarity	688	0.8183139534883721	0.3333333333333333	0.30002664535038637	5.0
tfidf_char_3_5	marker_only	lemma_group	polarity	688	0.8284883720930233	0.46534893959405504	0.488792640505528	5.0
tfidf_char_3_5	marker_scope	lemma_group	polarity	688	0.815406976744186	0.3399883863915835	0.31729396331166243	5.0
tfidf_char_3_5	context_only_1	lemma_group	polarity	688	0.8168604651162791	0.37193719542742637	0.3739138159382369	5.0
tfidf_char_3_5	context_marker_1	lemma_group	polarity	688	0.809593023255814	0.36897686387029194	0.3697915750077727	5.0
tfidf_char_3_5	context_marker_scope_1	lemma_group	polarity	688	0.8052325581395349	0.3593614792549073	0.3560328206608225	5.0
tfidf_char_3_5	context_only_3	lemma_group	polarity	688	0.8081395348837209	0.36838479755886505	0.3689876566240711	5.0
tfidf_char_3_5	context_marker_3	lemma_group	polarity	688	0.8052325581395349	0.3672006649360113	0.3678847410190694	5.0
tfidf_char_3_5	context_marker_scope_3	lemma_group	polarity	688	0.8008720930232558	0.3628114041080293	0.36261025795909513	5.0
tfidf_char_3_5	context_only_5	lemma_group	polarity	688	0.8037790697674418	0.3692216605182857	0.3714001568267447	5.0
tfidf_char_3_5	context_marker_5	lemma_group	polarity	688	0.8008720930232558	0.368037527895432	0.3697845804988662	5.0
tfidf_char_3_5	context_marker_scope_5	lemma_group	polarity	688	0.7979651162790697	0.36946645716627957	0.3726255470829762	5.0
tfidf_char_3_5	context_only_10	lemma_group	polarity	688	0.8037790697674418	0.37967390809309104	0.38574213311055416	5.0
tfidf_char_3_5	context_marker_10	lemma_group	polarity	688	0.7994186046511628	0.38051077105251174	0.38618387818431116	5.0
tfidf_char_3_5	context_marker_scope_10	lemma_group	polarity	688	0.7965116279069767	0.3793266384296579	0.38556067588325654	5.0
tfidf_char_3_5	context_only_20	lemma_group	polarity	688	0.7979651162790697	0.3982101379969942	0.40842108166628743	5.0
tfidf_char_3_5	context_marker_20	lemma_group	polarity	688	0.8052325581395349	0.4116227171289338	0.42290249433106575	5.0
tfidf_char_3_5	context_marker_scope_20	lemma_group	polarity	688	0.8023255813953488	0.41043858450608006	0.4215195104986744	5.0
majority	none	within_lemma	polarity	355	0.7267605633802817	0.3333333333333333	0.2805872756933116	5.0
tfidf_char_3_5	marker_only	within_lemma	polarity	355	0.780281690140845	0.5385753913968688	0.5801593866109995	5.0
tfidf_char_3_5	marker_scope	within_lemma	polarity	355	0.752112676056338	0.44877830977352184	0.4807597468558371	5.0
tfidf_char_3_5	context_only_1	within_lemma	polarity	355	0.7746478873239436	0.4386627906976744	0.44699502588373785	5.0
tfidf_char_3_5	context_marker_1	within_lemma	polarity	355	0.7774647887323943	0.4457041343669251	0.4533991769547325	5.0
tfidf_char_3_5	context_marker_scope_1	within_lemma	polarity	355	0.7718309859154929	0.4373708010335917	0.4442348817161282	5.0
tfidf_char_3_5	context_only_3	within_lemma	polarity	355	0.7915492957746478	0.45791343669250645	0.46798760322769617	5.0
tfidf_char_3_5	context_marker_3	within_lemma	polarity	355	0.7859154929577464	0.45820413436692503	0.46807579903575885	5.0
tfidf_char_3_5	context_marker_scope_3	within_lemma	polarity	355	0.7859154929577464	0.45820413436692503	0.46668144208037826	5.0
tfidf_char_3_5	context_only_5	within_lemma	polarity	355	0.7718309859154929	0.44599483204134366	0.45271867612293143	5.0
tfidf_char_3_5	context_marker_5	within_lemma	polarity	355	0.7746478873239436	0.4530361757105943	0.45942133503875754	5.0
tfidf_char_3_5	context_marker_scope_5	within_lemma	polarity	355	0.7690140845070422	0.44757751937984497	0.45314392238505397	5.0
tfidf_char_3_5	context_only_10	within_lemma	polarity	355	0.7605633802816901	0.45914272685818514	0.4775143061127601	5.0
tfidf_char_3_5	context_marker_10	within_lemma	polarity	355	0.7633802816901408	0.4604347165222678	0.47951789812254936	5.0
tfidf_char_3_5	context_marker_scope_10	within_lemma	polarity	355	0.7577464788732394	0.4549760601915185	0.4730914255528765	5.0
tfidf_char_3_5	context_only_20	within_lemma	polarity	355	0.752112676056338	0.4455749354005168	0.4561403508771929	5.0
tfidf_char_3_5	context_marker_20	within_lemma	polarity	355	0.7605633802816901	0.4552002583979329	0.4651402918069585	5.0
tfidf_char_3_5	context_marker_scope_20	within_lemma	polarity	355	0.7577464788732394	0.45103359173126617	0.45968945351885465	5.0
majority	none	random	evidence	688	0.38808139534883723	0.25	0.13979057591623037	5.0
tfidf_char_3_5	marker_only	random	evidence	688	0.7005813953488372	0.6424780098187187	0.6406710613465398	5.0
tfidf_char_3_5	marker_scope	random	evidence	688	0.6002906976744186	0.5115610644727453	0.5162296260951533	5.0
tfidf_char_3_5	context_only_1	random	evidence	688	0.47674418604651164	0.4199131901628671	0.4286400751254139	5.0
tfidf_char_3_5	context_marker_1	random	evidence	688	0.5784883720930233	0.5105639679987373	0.5193332721088965	5.0
tfidf_char_3_5	context_marker_scope_1	random	evidence	688	0.5348837209302325	0.4732152686665812	0.48493890700185804	5.0
tfidf_char_3_5	context_only_3	random	evidence	688	0.5	0.4489780114628444	0.4562066858471086	5.0
tfidf_char_3_5	context_marker_3	random	evidence	688	0.5450581395348837	0.48504536142815335	0.4942694673049605	5.0
tfidf_char_3_5	context_marker_scope_3	random	evidence	688	0.5392441860465116	0.48850502938052637	0.49802981161485105	5.0
tfidf_char_3_5	context_only_5	random	evidence	688	0.5043604651162791	0.4506529645230556	0.4559445733498788	5.0
tfidf_char_3_5	context_marker_5	random	evidence	688	0.5348837209302325	0.47076821773485517	0.47686793493245105	5.0
tfidf_char_3_5	context_marker_scope_5	random	evidence	688	0.5116279069767442	0.45632248539194314	0.4609688653097195	5.0
tfidf_char_3_5	context_only_10	random	evidence	688	0.4898255813953488	0.43937815877650743	0.4414066180753251	5.0
tfidf_char_3_5	context_marker_10	random	evidence	688	0.5116279069767442	0.4550258785385695	0.4579525530459414	5.0
tfidf_char_3_5	context_marker_scope_10	random	evidence	688	0.5101744186046512	0.45891428515058547	0.4599922613391361	5.0
tfidf_char_3_5	context_only_20	random	evidence	688	0.5072674418604651	0.4635649084386396	0.4665347555276009	5.0
tfidf_char_3_5	context_marker_20	random	evidence	688	0.5116279069767442	0.4658396385554054	0.4681303138478461	5.0
tfidf_char_3_5	context_marker_scope_20	random	evidence	688	0.5072674418604651	0.4632574569321272	0.4653075614468275	5.0
majority	none	lemma_group	evidence	688	0.2558139534883721	0.17893677679020628	0.14302096409941895	5.0
tfidf_char_3_5	marker_only	lemma_group	evidence	688	0.376453488372093	0.32412767622561356	0.32833357377848904	5.0
tfidf_char_3_5	marker_scope	lemma_group	evidence	688	0.22965116279069767	0.2112007707661297	0.21697028964222392	5.0
tfidf_char_3_5	context_only_1	lemma_group	evidence	688	0.23546511627906977	0.23942259949426692	0.23913061389104945	5.0
tfidf_char_3_5	context_marker_1	lemma_group	evidence	688	0.26598837209302323	0.26429707049682194	0.26659680340726877	5.0
tfidf_char_3_5	context_marker_scope_1	lemma_group	evidence	688	0.25290697674418605	0.25656693400150604	0.2605919558102051	5.0
tfidf_char_3_5	context_only_3	lemma_group	evidence	688	0.2558139534883721	0.2565936017204131	0.25680209241941093	5.0
tfidf_char_3_5	context_marker_3	lemma_group	evidence	688	0.2601744186046512	0.26085920365127435	0.26026102847101124	5.0
tfidf_char_3_5	context_marker_scope_3	lemma_group	evidence	688	0.26308139534883723	0.2638003801218626	0.26305701365873146	5.0
tfidf_char_3_5	context_only_5	lemma_group	evidence	688	0.26308139534883723	0.26388102448760825	0.26031720508667194	5.0
tfidf_char_3_5	context_marker_5	lemma_group	evidence	688	0.26598837209302323	0.2653807137478503	0.26187924948287306	5.0
tfidf_char_3_5	context_marker_scope_5	lemma_group	evidence	688	0.2616279069767442	0.26203746633652625	0.25587633282257377	5.0
tfidf_char_3_5	context_only_10	lemma_group	evidence	688	0.26598837209302323	0.26546135811359595	0.2595033175627773	5.0
tfidf_char_3_5	context_marker_10	lemma_group	evidence	688	0.26308139534883723	0.26350805457182036	0.2577390753226182	5.0
tfidf_char_3_5	context_marker_scope_10	lemma_group	evidence	688	0.26598837209302323	0.2659956167608751	0.25922328994808513	5.0
tfidf_char_3_5	context_only_20	lemma_group	evidence	688	0.26453488372093026	0.26060752088861705	0.2533596767560231	5.0
tfidf_char_3_5	context_marker_20	lemma_group	evidence	688	0.26308139534883723	0.2589101255125562	0.25161093928348577	5.0
tfidf_char_3_5	context_marker_scope_20	lemma_group	evidence	688	0.26453488372093026	0.2612224239016418	0.2532530604131493	5.0
majority	none	within_lemma	evidence	432	0.3472222222222222	0.24867549668874173	0.18428366811035707	5.0
tfidf_char_3_5	marker_only	within_lemma	evidence	432	0.6921296296296297	0.6484342374977178	0.6147020891929038	5.0
tfidf_char_3_5	marker_scope	within_lemma	evidence	432	0.5972222222222222	0.47821325872628584	0.47813689235262224	5.0
tfidf_char_3_5	context_only_1	within_lemma	evidence	432	0.5370370370370371	0.4121954824976348	0.4109148265078768	5.0
tfidf_char_3_5	context_marker_1	within_lemma	evidence	432	0.5856481481481481	0.4487373856827499	0.4455671279228882	5.0
tfidf_char_3_5	context_marker_scope_1	within_lemma	evidence	432	0.5902777777777778	0.4537892226426994	0.449276835558908	5.0
tfidf_char_3_5	context_only_3	within_lemma	evidence	432	0.5555555555555556	0.42376616209397666	0.4190119520834414	5.0
tfidf_char_3_5	context_marker_3	within_lemma	evidence	432	0.5787037037037037	0.4449124881740776	0.4403419939571114	5.0
tfidf_char_3_5	context_marker_scope_3	within_lemma	evidence	432	0.5717592592592593	0.45199126748991686	0.4529757439857922	5.0
tfidf_char_3_5	context_only_5	within_lemma	evidence	432	0.5231481481481481	0.41259990829723314	0.4128324636818316	5.0
tfidf_char_3_5	context_marker_5	within_lemma	evidence	432	0.5416666666666666	0.44944806137861215	0.45290746036382573	5.0
tfidf_char_3_5	context_marker_scope_5	within_lemma	evidence	432	0.5462962962962963	0.4441175475941509	0.4471291703681769	5.0
tfidf_char_3_5	context_only_10	within_lemma	evidence	432	0.5324074074074074	0.4319218679978091	0.4344688526894289	5.0
tfidf_char_3_5	context_marker_10	within_lemma	evidence	432	0.5486111111111112	0.45616656500522834	0.45959257975034673	5.0
tfidf_char_3_5	context_marker_scope_10	within_lemma	evidence	432	0.5439814814814815	0.4528773817822702	0.4558801434013889	5.0
tfidf_char_3_5	context_only_20	within_lemma	evidence	432	0.5347222222222222	0.4197691766668326	0.4192544738580544	5.0
tfidf_char_3_5	context_marker_20	within_lemma	evidence	432	0.5393518518518519	0.4236569486630483	0.4235502592645449	5.0
tfidf_char_3_5	context_marker_scope_20	within_lemma	evidence	432	0.5393518518518519	0.4363012041693638	0.43808869680205187	5.0
majority	none	random	function	688	0.8851744186046512	0.5	0.46954510408635314	5.0
tfidf_char_3_5	marker_only	random	function	688	0.8444767441860465	0.697335328719004	0.6689079485299739	5.0
tfidf_char_3_5	marker_scope	random	function	688	0.8473837209302325	0.5722911600257737	0.579860767812589	5.0
tfidf_char_3_5	context_only_1	random	function	688	0.8357558139534884	0.5381825362183285	0.5419899495119092	5.0
tfidf_char_3_5	context_marker_1	random	function	688	0.8430232558139535	0.5533038182536218	0.5593927893738141	5.0
tfidf_char_3_5	context_marker_scope_1	random	function	688	0.8415697674418605	0.5249423208829581	0.5272312338059424	5.0
tfidf_char_3_5	context_only_3	random	function	688	0.8125	0.55809482238989	0.5558291419563096	5.0
tfidf_char_3_5	context_marker_3	random	function	688	0.809593023255814	0.5509446904034421	0.5489427720641593	5.0
tfidf_char_3_5	context_marker_scope_3	random	function	688	0.811046511627907	0.5572738043274927	0.5547147266752962	5.0
tfidf_char_3_5	context_only_5	random	function	688	0.7877906976744186	0.5386294194674814	0.5334076551467856	5.0
tfidf_char_3_5	context_marker_5	random	function	688	0.7950581395348837	0.5537507015027748	0.5472480082888787	5.0
tfidf_char_3_5	context_marker_scope_5	random	function	688	0.7906976744186046	0.5402714555922762	0.5354054510326199	5.0
tfidf_char_3_5	context_only_10	random	function	688	0.7427325581395349	0.557242626426389	0.5331086598957914	5.0
tfidf_char_3_5	context_marker_10	random	function	688	0.7398255813953488	0.550092494439941	0.527833051533032	5.0
tfidf_char_3_5	context_marker_scope_10	random	function	688	0.7441860465116279	0.5470474527654798	0.5273471044701548	5.0
tfidf_char_3_5	context_only_20	random	function	688	0.7165697674418605	0.5810209723348091	0.5362647466497064	5.0
tfidf_char_3_5	context_marker_20	random	function	688	0.7209302325581395	0.5889921223836545	0.5420393559928444	5.0
tfidf_char_3_5	context_marker_scope_20	random	function	688	0.7180232558139535	0.5983662779821662	0.5453455417484194	5.0
majority	none	lemma_group	function	688	0.8851744186046512	0.5	0.46954510408635314	5.0
tfidf_char_3_5	marker_only	lemma_group	function	688	0.8008720930232558	0.5790671571989774	0.5682647868486023	5.0
tfidf_char_3_5	marker_scope	lemma_group	function	688	0.8561046511627907	0.5001039263370124	0.48962571653366305	5.0
tfidf_char_3_5	context_only_1	lemma_group	function	688	0.8212209302325582	0.4914156845627819	0.4881169133614406	5.0
tfidf_char_3_5	context_marker_1	lemma_group	function	688	0.8343023255813954	0.49880484712435824	0.49479542409564053	5.0
tfidf_char_3_5	context_marker_scope_1	lemma_group	function	688	0.8255813953488372	0.5104030263349338	0.5104364326375711	5.0
tfidf_char_3_5	context_only_3	lemma_group	function	688	0.7892441860465116	0.48436947891334625	0.4844524374299106	5.0
tfidf_char_3_5	context_marker_3	lemma_group	function	688	0.7732558139534884	0.4753382802269751	0.47649985367281245	5.0
tfidf_char_3_5	context_marker_scope_3	lemma_group	function	688	0.7747093023255814	0.4816673941510257	0.4824682730338987	5.0
tfidf_char_3_5	context_only_5	lemma_group	function	688	0.748546511627907	0.4723971648895263	0.4741246382574502	5.0
tfidf_char_3_5	context_marker_5	lemma_group	function	688	0.752906976744186	0.4748602190767184	0.4763235188767104	5.0
tfidf_char_3_5	context_marker_scope_5	lemma_group	function	688	0.7645348837209303	0.48693645943755065	0.48710585896515546	5.0
tfidf_char_3_5	context_only_10	lemma_group	function	688	0.7427325581395349	0.4856373802248966	0.48438234360114324	5.0
tfidf_char_3_5	context_marker_10	lemma_group	function	688	0.7427325581395349	0.49114547608654985	0.48859183853451427	5.0
tfidf_char_3_5	context_marker_scope_10	lemma_group	function	688	0.7383720930232558	0.49969861362266427	0.4942416074491546	5.0
tfidf_char_3_5	context_only_20	lemma_group	function	688	0.7020348837209303	0.49018935378603645	0.48098019084208243	5.0
tfidf_char_3_5	context_marker_20	lemma_group	function	688	0.7020348837209303	0.49018935378603645	0.48098019084208243	5.0
tfidf_char_3_5	context_marker_scope_20	lemma_group	function	688	0.7034883720930233	0.5020265635717404	0.48856530674712495	5.0
majority	none	within_lemma	function	315	0.8031746031746032	0.5	0.4454225352112676	5.0
tfidf_char_3_5	marker_only	within_lemma	function	315	0.7587301587301587	0.6793318883080454	0.6579218106995885	5.0
tfidf_char_3_5	marker_scope	within_lemma	function	315	0.7587301587301587	0.6123613413234732	0.6137214405576352	5.0
tfidf_char_3_5	context_only_1	within_lemma	function	315	0.765079365079365	0.5919609843172255	0.5982142857142857	5.0
tfidf_char_3_5	context_marker_1	within_lemma	function	315	0.7555555555555555	0.5799438990182328	0.5848239502918471	5.0
tfidf_char_3_5	context_marker_scope_1	within_lemma	function	315	0.7619047619047619	0.5899846997322453	0.5956077437907602	5.0
tfidf_char_3_5	context_only_3	within_lemma	function	315	0.7619047619047619	0.6021611628203494	0.6063877642825011	5.0
tfidf_char_3_5	context_marker_3	within_lemma	function	315	0.7396825396825397	0.5700624760933316	0.572464247881356	5.0
tfidf_char_3_5	context_marker_scope_3	within_lemma	function	315	0.7523809523809524	0.5901440775213567	0.5933196504237288	5.0
tfidf_char_3_5	context_only_5	within_lemma	function	315	0.7619047619047619	0.6082493943644014	0.6114884309888339	5.0
tfidf_char_3_5	context_marker_5	within_lemma	function	315	0.7682539682539683	0.6182901950784139	0.6218487394957983	5.0
tfidf_char_3_5	context_marker_scope_5	within_lemma	function	315	0.7555555555555555	0.5982085936503889	0.6011281224818694	5.0
tfidf_char_3_5	context_only_10	within_lemma	function	315	0.7333333333333333	0.5965510646436313	0.5929230769230769	5.0
tfidf_char_3_5	context_marker_10	within_lemma	function	315	0.726984126984127	0.5865102639296188	0.5832307692307692	5.0
tfidf_char_3_5	context_marker_scope_10	within_lemma	function	315	0.7333333333333333	0.6026392961876833	0.5974808324205915	5.0
tfidf_char_3_5	context_only_20	within_lemma	function	315	0.6793650793650794	0.5690424582430192	0.5560842205137507	5.0
tfidf_char_3_5	context_marker_20	within_lemma	function	315	0.6888888888888889	0.581059543542012	0.5672591678815745	5.0
tfidf_char_3_5	context_marker_scope_20	within_lemma	function	315	0.6888888888888889	0.587147775086064	0.57125	5.0
